Level	Rule Name	Subject	Property	Value
ERROR	duplicate_definition	ENVO:01001477	IAO:0000115	A part of an astronomical body which is primarily composed of a continuous volume of liquid material, shaped by one or more environmental processes.	
ERROR	duplicate_definition	ENVO:01001478	IAO:0000115	A part of an astronomical body which is primarily composed of a continuous volume of liquid material, shaped by one or more environmental processes.	
ERROR	duplicate_definition	ENVO:01001309	IAO:0000115	A liquid surface layer which is in contact with air.	
ERROR	duplicate_definition	ENVO:01001310	IAO:0000115	A liquid surface layer which is in contact with air.	
ERROR	duplicate_definition	ENVO:01001275	IAO:0000115	A layer which is primarily composed of some solid material, allowing for non-solid parts such as interstitial pockets of gas or liquid.	
ERROR	duplicate_definition	ENVO:01001276	IAO:0000115	A layer which is primarily composed of some solid material, allowing for non-solid parts such as interstitial pockets of gas or liquid.	
ERROR	deprecated_property_reference	cb0d1c5c-ebdf-4fe1-8af3-b2258d560f7c	RO:0002218	b8ed442e0aead213112b8137f1288b6f	
ERROR	deprecated_property_reference	ENVO:02500027	RO:0002218	e936cd3a0368d1ce99b7b9b55f25b077	
ERROR	deprecated_property_reference	RO:0002217	rdfs:subPropertyOf	RO:0002331	
ERROR	deprecated_property_reference	RO:0002218	owl:inverseOf	RO:0002217	
ERROR	missing_label	BFO:0000179	rdfs:label		
ERROR	missing_label	BFO:0000180	rdfs:label		
ERROR	missing_label	GO:0004872	rdfs:label		
ERROR	missing_label	GO:0005102	rdfs:label		
ERROR	missing_label	GO:0005488	rdfs:label		
ERROR	missing_label	GO:0005515	rdfs:label		
ERROR	missing_label	GO:0030545	rdfs:label		
ERROR	missing_label	GO:0048018	rdfs:label		
ERROR	missing_label	GO:0060089	rdfs:label		
ERROR	missing_label	GO:0098772	rdfs:label		
ERROR	missing_label	oboInOwl:Subset	rdfs:label		
ERROR	missing_label	oboInOwl:created_by	rdfs:label		
ERROR	missing_label	oboInOwl:creation_date	rdfs:label		
ERROR	missing_label	oboInOwl:id	rdfs:label		
ERROR	deprecated_class_reference	PATO:0001237	rdfs:subClassOf	PATO:0000146	
ERROR	deprecated_class_reference	PATO:0001237	rdfs:subClassOf	PATO:0001546	
ERROR	deprecated_class_reference	PATO:0001237	rdfs:subClassOf	PATO:0001547	
ERROR	deprecated_class_reference	PATO:0001237	rdfs:subClassOf	PATO:0001548	
ERROR	deprecated_class_reference	PCO:0000028	rdfs:subClassOf	PCO:0000002	
ERROR	duplicate_label	ENVO:00000176	rdfs:label	elevation	
ERROR	duplicate_label	PATO:0001687	rdfs:label	elevation	
ERROR	multiple_definitions	BFO:0000004	IAO:0000115	A continuant that is a bearer of quality and realizable entity entities, in which other entities inhere and which itself cannot inhere in anything.@en	
ERROR	multiple_definitions	BFO:0000004	IAO:0000115	b is an independent continuant = Def. b is a continuant which is such that there is no c and no t such that b s-depends_on c at t. (axiom label in BFO2 Reference: [017-002])@en	
ERROR	multiple_definitions	BFO:0000015	IAO:0000115	An occurrent that has temporal proper parts and for some time t, p s-depends_on some material entity at t.@en	
ERROR	multiple_definitions	BFO:0000015	IAO:0000115	p is a process = Def. p is an occurrent that has temporal proper parts and for some time t, p s-depends_on some material entity at t. (axiom label in BFO2 Reference: [083-003])@en	
ERROR	multiple_definitions	BFO:0000020	IAO:0000115	A continuant that inheres in or is borne by other entities. Every instance of A requires some specific instance of B which must always be the same.@en	
ERROR	multiple_definitions	BFO:0000020	IAO:0000115	b is a relational specifically dependent continuant = Def. b is a specifically dependent continuant and there are n &gt; 1 independent continuants c1, … cn which are not spatial regions are such that for all 1  i &lt; j  n, ci  and cj share no common parts, are such that for each 1  i  n, b s-depends_on ci at every time t during the course of b’s existence (axiom label in BFO2 Reference: [131-004])@en	
ERROR	multiple_definitions	BFO:0000020	IAO:0000115	b is a specifically dependent continuant = Def. b is a continuant & there is some independent continuant c which is not a spatial region and which is such that b s-depends_on c at every time t during the course of b’s existence. (axiom label in BFO2 Reference: [050-003])@en	
ERROR	multiple_definitions	BFO:0000031	IAO:0000115	A continuant that is dependent on one or other independent continuant bearers. For every instance of A requires some instance of (an independent continuant type) B but which instance of B serves can change from time to time.@en	
ERROR	multiple_definitions	BFO:0000031	IAO:0000115	b is a generically dependent continuant = Def. b is a continuant that g-depends_on one or more other entities. (axiom label in BFO2 Reference: [074-001])@en	
ERROR	multiple_definitions	BFO:0000051	IAO:0000115	Q1 has_part Q2 if and only if: every instance of Q1 is a quality_of an entity that has_quality some Q2.	
ERROR	multiple_definitions	BFO:0000051	IAO:0000115	a core relation that holds between a whole and its part@en	
ERROR	multiple_definitions	BFO:0000062	IAO:0000115	The assertion P preceded_by P1 tells us something about Ps in general: that is, it tells us something about what happened earlier, given what we know about what happened later. Thus it does not provide information pointing in the opposite direction, concerning instances of P1 in general; that is, that each is such as to be succeeded by some instance of P.	
ERROR	multiple_definitions	BFO:0000062	IAO:0000115	x is preceded by y if and only if the time point at which y ends is before or equivalent to the time point at which x starts. Formally: x preceded by y iff ω(y) <= α(x), where α is a function that maps a process to a start point, and ω is a function that maps a process to an end point.@en	
ERROR	multiple_definitions	IAO:0100001	IAO:0000115	Add as annotation triples in the granting ontology@en	
ERROR	multiple_definitions	IAO:0100001	IAO:0000115	Use on obsolete terms, relating the term to another term that can be used as a substitute@en	
ERROR	multiple_definitions	RO:0002258	IAO:0000115	Candidate definition: x developmentally related to y if and only if there exists some developmental process (GO:0032502) p such that x and y both participates in p, and x is the output of p and y is the input of p	
ERROR	multiple_definitions	RO:0002258	IAO:0000115	X developmentally related to y if and only if there exists some developmental process (GO:0032502) p such that x and y both participates in p, and x is the output of p and y is the input of p.	
ERROR	multiple_definitions	RO:0002448	IAO:0000115	Holds between molecular entities A and B where A can physically interact with B and in doing so regulates a process that B is capable of.  For example, A and B may be gene products and binding of B by A regulates the kinase activity of B.	
ERROR	multiple_definitions	RO:0002448	IAO:0000115	The entity A, immediately upstream of the entity B, has an activity that regulates an activity performed by B. For example, A and B may be gene products and binding of B by A regulates the kinase activity of B.        A and B can be physically interacting but not necessarily. Immediately upstream means there are no intermediate entity between A and B.	
ERROR	multiple_definitions	RO:0002449	IAO:0000115	Holds between molecular entities A and B where A can physically interact with B and in doing so negatively regulates a process that B is capable of.  For example, A and B may be gene products and binding of B by A negatively regulates the kinase activity of B.	
ERROR	multiple_definitions	RO:0002449	IAO:0000115	The entity A, immediately upstream of the entity B, has an activity that negatively regulates an activity performed by B.    For example, A and B may be gene products and binding of B by A negatively regulates the kinase activity of B.	
ERROR	multiple_definitions	RO:0002450	IAO:0000115	Holds between molecular entities A and B where A can physically interact with B and in doing so positively regulates a process that B is capable of.  For example, A and B may be gene products and binding of B by A positively regulates the kinase activity of B.	
ERROR	multiple_definitions	RO:0002450	IAO:0000115	The entity A, immediately upstream of the entity B, has an activity that positively regulates an activity performed by B.    For example, A and B may be gene products and binding of B by A positively regulates the kinase activity of B.	
ERROR	multiple_definitions	RO:0002566	IAO:0000115	Holds between materal entities a and b if the activity of a is causally upstream of the activity of b, or causally upstream of a an activity that modifies b	
ERROR	multiple_definitions	RO:0002566	IAO:0000115	The entity or characteristic A is causally upstream of the entity or characteristic B, A having an effect on B. An entity corresponds to any biological type of entity as long as a mass is measurable. A characteristic corresponds to a particular specificity of an entity (e.g., phenotype, shape, size).	
ERROR	multiple_labels	BFO:0000024	rdfs:label	fiat object@en	
ERROR	multiple_labels	BFO:0000024	rdfs:label	fiat object part@en	
ERROR	multiple_labels	BFO:0000050	rdfs:label	part of	
ERROR	multiple_labels	BFO:0000050	rdfs:label	part of@en	
ERROR	multiple_labels	BFO:0000050	rdfs:label	part_of	
ERROR	multiple_labels	BFO:0000051	rdfs:label	has part	
ERROR	multiple_labels	BFO:0000051	rdfs:label	has part@en	
ERROR	multiple_labels	BFO:0000051	rdfs:label	has_part	
ERROR	multiple_labels	BFO:0000062	rdfs:label	preceded by@en	
ERROR	multiple_labels	BFO:0000062	rdfs:label	preceded_by	
ERROR	multiple_labels	BFO:0000063	rdfs:label	precedes	
ERROR	multiple_labels	BFO:0000063	rdfs:label	precedes@en	
ERROR	multiple_labels	IAO:0000111	rdfs:label	editor preferred term@en	
ERROR	multiple_labels	IAO:0000111	rdfs:label	editor preferred term~editor preferred label	
ERROR	multiple_labels	IAO:0000112	rdfs:label	example of usage	
ERROR	multiple_labels	IAO:0000112	rdfs:label	example of usage@en	
ERROR	multiple_labels	IAO:0000114	rdfs:label	has curation status	
ERROR	multiple_labels	IAO:0000114	rdfs:label	has curation status@en	
ERROR	multiple_labels	IAO:0000115	rdfs:label	definition	
ERROR	multiple_labels	IAO:0000115	rdfs:label	definition@en	
ERROR	multiple_labels	IAO:0000116	rdfs:label	editor note	
ERROR	multiple_labels	IAO:0000116	rdfs:label	editor note@en	
ERROR	multiple_labels	IAO:0000117	rdfs:label	term editor	
ERROR	multiple_labels	IAO:0000117	rdfs:label	term editor@en	
ERROR	multiple_labels	IAO:0000118	rdfs:label	alternative term	
ERROR	multiple_labels	IAO:0000118	rdfs:label	alternative term@en	
ERROR	multiple_labels	IAO:0000119	rdfs:label	definition source	
ERROR	multiple_labels	IAO:0000119	rdfs:label	definition source@en	
ERROR	multiple_labels	IAO:0000232	rdfs:label	curator note	
ERROR	multiple_labels	IAO:0000232	rdfs:label	curator note@en	
ERROR	multiple_labels	IAO:0000412	rdfs:label	imported from	
ERROR	multiple_labels	IAO:0000412	rdfs:label	imported from@en	
ERROR	multiple_labels	IAO:0000424	rdfs:label	expand expression to	
ERROR	multiple_labels	IAO:0000424	rdfs:label	expand expression to@en	
ERROR	multiple_labels	IAO:0100001	rdfs:label	term replaced by	
ERROR	multiple_labels	IAO:0100001	rdfs:label	term replaced by@en	
ERROR	multiple_labels	RO:0000056	rdfs:label	participates in@en	
ERROR	multiple_labels	RO:0000056	rdfs:label	participates_in	
ERROR	multiple_labels	RO:0000057	rdfs:label	has participant@en	
ERROR	multiple_labels	RO:0000057	rdfs:label	has_participant	
ERROR	multiple_labels	RO:0001025	rdfs:label	located in@en	
ERROR	multiple_labels	RO:0001025	rdfs:label	located_in	
ERROR	multiple_labels	RO:0001900	rdfs:label	temporal interpretation	
ERROR	multiple_labels	RO:0001900	rdfs:label	temporal interpretation@en	
ERROR	multiple_labels	RO:0002160	rdfs:label	only in taxon	
ERROR	multiple_labels	RO:0002160	rdfs:label	only_in_taxon	
ERROR	multiple_labels	RO:0002202	rdfs:label	develops from@en	
ERROR	multiple_labels	RO:0002202	rdfs:label	develops_from	
ERROR	multiple_labels	RO:0002211	rdfs:label	regulates@en	
ERROR	multiple_labels	RO:0002211	rdfs:label	regulates (processual)	
ERROR	multiple_labels	RO:0002219	rdfs:label	surrounded by	
ERROR	multiple_labels	RO:0002219	rdfs:label	surrounded by@en	
ERROR	multiple_labels	RO:0002220	rdfs:label	adjacent to@en	
ERROR	multiple_labels	RO:0002220	rdfs:label	adjacent_to	
ERROR	multiple_labels	RO:0002258	rdfs:label	developmentally preceded by@en	
ERROR	multiple_labels	RO:0002258	rdfs:label	developmentally_preceded_by	
ERROR	multiple_labels	RO:0002303	rdfs:label	has habitat	
ERROR	multiple_labels	RO:0002303	rdfs:label	has habitat@en	
ERROR	multiple_labels	RO:0002448	rdfs:label	activity directly regulates activity of	
ERROR	multiple_labels	RO:0002448	rdfs:label	directly regulates activity of	
ERROR	multiple_labels	RO:0002449	rdfs:label	activity directly negatively regulates activity of	
ERROR	multiple_labels	RO:0002449	rdfs:label	directly negatively regulates activity of	
ERROR	multiple_labels	RO:0002450	rdfs:label	activity directly positively regulates activity of	
ERROR	multiple_labels	RO:0002450	rdfs:label	directly positively regulates activity of	
ERROR	multiple_labels	RO:0002506	rdfs:label	causal relation between entities	
ERROR	multiple_labels	RO:0002506	rdfs:label	causal relation between material entities	
WARN	annotation_whitespace	BFO:0000002	IAO:0000602	(forall (x y) (if (and (Continuant x) (exists (t) (continuantPartOfAt y x t))) (Continuant y))) // axiom label in BFO2 CLIF: [009-002] 	
WARN	annotation_whitespace	BFO:0000002	IAO:0000602	(forall (x y) (if (and (Continuant x) (exists (t) (hasContinuantPartOfAt y x t))) (Continuant y))) // axiom label in BFO2 CLIF: [126-001] 	
WARN	annotation_whitespace	BFO:0000002	IAO:0000602	(forall (x) (if (Continuant x) (Entity x))) // axiom label in BFO2 CLIF: [008-002] 	
WARN	annotation_whitespace	BFO:0000002	IAO:0000602	(forall (x) (if (Material Entity x) (exists (t) (and (TemporalRegion t) (existsAt x t))))) // axiom label in BFO2 CLIF: [011-002] 	
WARN	annotation_whitespace	BFO:0000003	IAO:0000602	(forall (x) (if (Occurrent x) (exists (r) (and (SpatioTemporalRegion r) (occupiesSpatioTemporalRegion x r))))) // axiom label in BFO2 CLIF: [108-001] 	
WARN	annotation_whitespace	BFO:0000003	IAO:0000602	(forall (x) (iff (Occurrent x) (and (Entity x) (exists (y) (temporalPartOf y x))))) // axiom label in BFO2 CLIF: [079-001] 	
WARN	annotation_whitespace	BFO:0000004	IAO:0000602	(forall (x t) (if (IndependentContinuant x) (exists (r) (and (SpatialRegion r) (locatedInAt x r t))))) // axiom label in BFO2 CLIF: [134-001] 	
WARN	annotation_whitespace	BFO:0000004	IAO:0000602	(forall (x t) (if (and (IndependentContinuant x) (existsAt x t)) (exists (y) (and (Entity y) (specificallyDependsOnAt y x t))))) // axiom label in BFO2 CLIF: [018-002] 	
WARN	annotation_whitespace	BFO:0000004	IAO:0000602	(iff (IndependentContinuant a) (and (Continuant a) (not (exists (b t) (specificallyDependsOnAt a b t))))) // axiom label in BFO2 CLIF: [017-002] 	
WARN	annotation_whitespace	BFO:0000015	IAO:0000602	(iff (Process a) (and (Occurrent a) (exists (b) (properTemporalPartOf b a)) (exists (c t) (and (MaterialEntity c) (specificallyDependsOnAt a c t))))) // axiom label in BFO2 CLIF: [083-003] 	
WARN	annotation_whitespace	BFO:0000017	IAO:0000602	(forall (x t) (if (RealizableEntity x) (exists (y) (and (IndependentContinuant y) (not (SpatialRegion y)) (bearerOfAt y x t))))) // axiom label in BFO2 CLIF: [060-002] 	
WARN	annotation_whitespace	BFO:0000017	IAO:0000602	(forall (x) (if (RealizableEntity x) (and (SpecificallyDependentContinuant x) (exists (y) (and (IndependentContinuant y) (not (SpatialRegion y)) (inheresIn x y)))))) // axiom label in BFO2 CLIF: [058-002] 	
WARN	annotation_whitespace	BFO:0000020	IAO:0000602	(iff (SpecificallyDependentContinuant a) (and (Continuant a) (forall (t) (if (existsAt a t) (exists (b) (and (IndependentContinuant b) (not (SpatialRegion b)) (specificallyDependsOnAt a b t))))))) // axiom label in BFO2 CLIF: [050-003] 	
WARN	annotation_whitespace	BFO:0000023	IAO:0000602	(forall (x) (if (Role x) (RealizableEntity x))) // axiom label in BFO2 CLIF: [061-001] 	
WARN	annotation_whitespace	BFO:0000027	IAO:0000116	An entity a is an object aggregate if and only if there is a mutually exhaustive and pairwise disjoint partition of a into objects 	
WARN	annotation_whitespace	BFO:0000027	IAO:0000602	(forall (x) (if (ObjectAggregate x) (and (MaterialEntity x) (forall (t) (if (existsAt x t) (exists (y z) (and (Object y) (Object z) (memberPartOfAt y x t) (memberPartOfAt z x t) (not (= y z)))))) (not (exists (w t_1) (and (memberPartOfAt w x t_1) (not (Object w)))))))) // axiom label in BFO2 CLIF: [025-004] 	
WARN	annotation_whitespace	BFO:0000029	IAO:0000602	(forall (x) (if (Site x) (ImmaterialEntity x))) // axiom label in BFO2 CLIF: [034-002] 	
WARN	annotation_whitespace	BFO:0000031	IAO:0000602	(iff (GenericallyDependentContinuant a) (and (Continuant a) (exists (b t) (genericallyDependsOnAt a b t)))) // axiom label in BFO2 CLIF: [074-001] 	
WARN	annotation_whitespace	BFO:0000040	IAO:0000602	(forall (x) (if (MaterialEntity x) (IndependentContinuant x))) // axiom label in BFO2 CLIF: [019-002] 	
WARN	annotation_whitespace	BFO:0000040	IAO:0000602	(forall (x) (if (and (Entity x) (exists (y t) (and (MaterialEntity y) (continuantPartOfAt x y t)))) (MaterialEntity x))) // axiom label in BFO2 CLIF: [021-002] 	
WARN	annotation_whitespace	BFO:0000040	IAO:0000602	(forall (x) (if (and (Entity x) (exists (y t) (and (MaterialEntity y) (continuantPartOfAt y x t)))) (MaterialEntity x))) // axiom label in BFO2 CLIF: [020-002] 	
WARN	annotation_whitespace	ENVO:01000303	IAO:0000115	An endolithic environment is an environment that exists within solid rock. 	
WARN	annotation_whitespace	IAO:0000115	IAO:0000116	2012-04-05:    Barry Smith        The official OBI definition, explaining the meaning of a class or property: 'Shall be Aristotelian, formalized and normalized. Can be augmented with colloquial definitions'  is terrible.        Can you fix to something like:        A statement of necessary and sufficient conditions explaining the meaning of an expression referring to a class or property.        Alan Ruttenberg        Your proposed definition is a reasonable candidate, except that it is very common that necessary and sufficient conditions are not given. Mostly they are necessary, occasionally they are necessary and sufficient or just sufficient. Often they use terms that are not themselves defined and so they effectively can't be evaluated by those criteria.        On the specifics of the proposed definition:        We don't have definitions of 'meaning' or 'expression' or 'property'. For 'reference' in the intended sense I think we use the term 'denotation'. For 'expression', I think we you mean symbol, or identifier. For 'meaning' it differs for class and property. For class we want documentation that let's the intended reader determine whether an entity is instance of the class, or not. For property we want documentation that let's the intended reader determine, given a pair of potential relata, whether the assertion that the relation holds is true. The 'intended reader' part suggests that we also specify who, we expect, would be able to understand the definition, and also generalizes over human and computer reader to include textual and logical definition.        Personally, I am more comfortable weakening definition to documentation, with instructions as to what is desirable.        We also have the outstanding issue of how to aim different definitions to different audiences. A clinical audience reading chebi wants a different sort of definition documentation/definition from a chemistry trained audience, and similarly there is a need for a definition that is adequate for an ontologist to work with.  @en	
WARN	annotation_whitespace	IAO:0000424	IAO:0000112	ObjectProperty: RO_0002104    Label: has plasma membrane part    Annotations: IAO_0000424 \"http://purl.obolibrary.org/obo/BFO_0000051 some (http://purl.org/obo/owl/GO#GO_0005886 and http://purl.obolibrary.org/obo/BFO_0000051 some ?Y)\"    @en	
WARN	annotation_whitespace	RO:0001018	IAO:0000116	Intended meaning:    domain: material entity    range: spatial region or site (immaterial continuant)            @en	
WARN	annotation_whitespace	RO:0001901	IAO:0000115	        ## Elucidation        This is used when the statement/axiom is assumed to hold true 'eternally'        ## How to interpret (informal)        First the \"atemporal\" FOL is derived from the OWL using the standard    interpretation. This axiom is temporalized by embedding the axiom    within a for-all-times quantified sentence. The t argument is added to    all instantiation predicates and predicates that use this relation.        ## Example            Class: nucleus        SubClassOf: part_of some cell            forall t :          forall n :            instance_of(n,Nucleus,t)             implies            exists c :              instance_of(c,Cell,t)              part_of(n,c,t)        ## Notes        This interpretation is *not* the same as an at-all-times relation        	
WARN	annotation_whitespace	RO:0002093	rdfs:comment	X ends_during Y iff: ((start(Y) before_or_simultaneous_with end(X)) AND end(X) before_or_simultaneous_with end(Y). @en	
WARN	annotation_whitespace	RO:0002163	IAO:0000116	There are two ways to encode this as a shortcut relation. The other possibility to use an annotation assertion between two classes, and expand this to a disjointness axiom. @en	
WARN	annotation_whitespace	RO:0002215	IAO:0000115	A relation between a material entity (such as a cell) and a process, in which the material entity has the ability to carry out the process. 	
WARN	annotation_whitespace	RO:0002326	IAO:0000232	In the context of the Gene Ontology, contributes_to may be used only with classes from the molecular function ontology. 	
WARN	duplicate_exact_synonym	ENVO:01001052	IAO:0000118	Aerosol (saline)	
WARN	duplicate_exact_synonym	ENVO:01001053	IAO:0000118	Aerosol (saline)	
WARN	missing_definition	BFO:0000006	IAO:0000115		
WARN	missing_definition	BFO:0000019	IAO:0000115		
WARN	missing_definition	BFO:0000024	IAO:0000115		
WARN	missing_definition	BFO:0000030	IAO:0000115		
WARN	missing_definition	BFO:0000141	IAO:0000115		
WARN	missing_definition	BFO:0000179	IAO:0000115		
WARN	missing_definition	BFO:0000180	IAO:0000115		
WARN	missing_definition	CARO:0000000	IAO:0000115		
WARN	missing_definition	CARO:0000003	IAO:0000115		
WARN	missing_definition	CARO:0000006	IAO:0000115		
WARN	missing_definition	CARO:0030000	IAO:0000115		
WARN	missing_definition	CHEBI:138675	IAO:0000115		
WARN	missing_definition	CHEBI:15022	IAO:0000115		
WARN	missing_definition	CHEBI:15377	IAO:0000115		
WARN	missing_definition	CHEBI:15379	IAO:0000115		
WARN	missing_definition	CHEBI:16526	IAO:0000115		
WARN	missing_definition	CHEBI:17891	IAO:0000115		
WARN	missing_definition	CHEBI:17997	IAO:0000115		
WARN	missing_definition	CHEBI:23014	IAO:0000115		
WARN	missing_definition	CHEBI:23114	IAO:0000115		
WARN	missing_definition	CHEBI:23117	IAO:0000115		
WARN	missing_definition	CHEBI:23367	IAO:0000115		
WARN	missing_definition	CHEBI:24431	IAO:0000115		
WARN	missing_definition	CHEBI:24432	IAO:0000115		
WARN	missing_definition	CHEBI:24471	IAO:0000115		
WARN	missing_definition	CHEBI:24651	IAO:0000115		
WARN	missing_definition	CHEBI:24835	IAO:0000115		
WARN	missing_definition	CHEBI:24839	IAO:0000115		
WARN	missing_definition	CHEBI:24866	IAO:0000115		
WARN	missing_definition	CHEBI:25362	IAO:0000115		
WARN	missing_definition	CHEBI:25367	IAO:0000115		
WARN	missing_definition	CHEBI:25701	IAO:0000115		
WARN	missing_definition	CHEBI:25741	IAO:0000115		
WARN	missing_definition	CHEBI:25806	IAO:0000115		
WARN	missing_definition	CHEBI:26710	IAO:0000115		
WARN	missing_definition	CHEBI:26712	IAO:0000115		
WARN	missing_definition	CHEBI:26714	IAO:0000115		
WARN	missing_definition	CHEBI:33242	IAO:0000115		
WARN	missing_definition	CHEBI:33250	IAO:0000115		
WARN	missing_definition	CHEBI:33259	IAO:0000115		
WARN	missing_definition	CHEBI:33262	IAO:0000115		
WARN	missing_definition	CHEBI:33263	IAO:0000115		
WARN	missing_definition	CHEBI:33266	IAO:0000115		
WARN	missing_definition	CHEBI:33267	IAO:0000115		
WARN	missing_definition	CHEBI:33284	IAO:0000115		
WARN	missing_definition	CHEBI:33285	IAO:0000115		
WARN	missing_definition	CHEBI:33296	IAO:0000115		
WARN	missing_definition	CHEBI:33302	IAO:0000115		
WARN	missing_definition	CHEBI:33304	IAO:0000115		
WARN	missing_definition	CHEBI:33465	IAO:0000115		
WARN	missing_definition	CHEBI:33521	IAO:0000115		
WARN	missing_definition	CHEBI:33579	IAO:0000115		
WARN	missing_definition	CHEBI:33582	IAO:0000115		
WARN	missing_definition	CHEBI:33583	IAO:0000115		
WARN	missing_definition	CHEBI:33608	IAO:0000115		
WARN	missing_definition	CHEBI:33674	IAO:0000115		
WARN	missing_definition	CHEBI:33675	IAO:0000115		
WARN	missing_definition	CHEBI:33679	IAO:0000115		
WARN	missing_definition	CHEBI:33692	IAO:0000115		
WARN	missing_definition	CHEBI:33693	IAO:0000115		
WARN	missing_definition	CHEBI:33694	IAO:0000115		
WARN	missing_definition	CHEBI:33839	IAO:0000115		
WARN	missing_definition	CHEBI:33958	IAO:0000115		
WARN	missing_definition	CHEBI:35479	IAO:0000115		
WARN	missing_definition	CHEBI:36093	IAO:0000115		
WARN	missing_definition	CHEBI:36342	IAO:0000115		
WARN	missing_definition	CHEBI:36357	IAO:0000115		
WARN	missing_definition	CHEBI:36902	IAO:0000115		
WARN	missing_definition	CHEBI:36908	IAO:0000115		
WARN	missing_definition	CHEBI:36962	IAO:0000115		
WARN	missing_definition	CHEBI:36963	IAO:0000115		
WARN	missing_definition	CHEBI:37176	IAO:0000115		
WARN	missing_definition	CHEBI:37577	IAO:0000115		
WARN	missing_definition	CHEBI:37578	IAO:0000115		
WARN	missing_definition	CHEBI:38702	IAO:0000115		
WARN	missing_definition	CHEBI:46662	IAO:0000115		
WARN	missing_definition	CHEBI:50860	IAO:0000115		
WARN	missing_definition	CHEBI:50906	IAO:0000115		
WARN	missing_definition	CHEBI:51086	IAO:0000115		
WARN	missing_definition	CHEBI:51143	IAO:0000115		
WARN	missing_definition	CHEBI:52211	IAO:0000115		
WARN	missing_definition	CHEBI:52625	IAO:0000115		
WARN	missing_definition	CHEBI:59999	IAO:0000115		
WARN	missing_definition	CHEBI:64708	IAO:0000115		
WARN	missing_definition	CHEBI:72695	IAO:0000115		
WARN	missing_definition	CHEBI:76413	IAO:0000115		
WARN	missing_definition	CHEBI:78295	IAO:0000115		
WARN	missing_definition	ENVO:00000000	IAO:0000115		
WARN	missing_definition	ENVO:00000240	IAO:0000115		
WARN	missing_definition	ENVO:00002030	IAO:0000115		
WARN	missing_definition	ENVO:01001476	IAO:0000115		
WARN	missing_definition	FOODON:00001714	IAO:0000115		
WARN	missing_definition	FOODON:00002403	IAO:0000115		
WARN	missing_definition	FOODON:03411041	IAO:0000115		
WARN	missing_definition	FOODON:03412972	IAO:0000115		
WARN	missing_definition	GO:0003674	IAO:0000115		
WARN	missing_definition	GO:0003824	IAO:0000115		
WARN	missing_definition	GO:0004872	IAO:0000115		
WARN	missing_definition	GO:0005102	IAO:0000115		
WARN	missing_definition	GO:0005488	IAO:0000115		
WARN	missing_definition	GO:0005515	IAO:0000115		
WARN	missing_definition	GO:0008152	IAO:0000115		
WARN	missing_definition	GO:0009987	IAO:0000115		
WARN	missing_definition	GO:0016301	IAO:0000115		
WARN	missing_definition	GO:0016740	IAO:0000115		
WARN	missing_definition	GO:0016772	IAO:0000115		
WARN	missing_definition	GO:0030545	IAO:0000115		
WARN	missing_definition	GO:0044237	IAO:0000115		
WARN	missing_definition	GO:0048018	IAO:0000115		
WARN	missing_definition	GO:0050896	IAO:0000115		
WARN	missing_definition	GO:0060089	IAO:0000115		
WARN	missing_definition	GO:0098772	IAO:0000115		
WARN	missing_definition	IAO:0000114	IAO:0000115		
WARN	missing_definition	NCBITaxon:1	IAO:0000115		
WARN	missing_definition	NCBITaxon:10239	IAO:0000115		
WARN	missing_definition	NCBITaxon:117570	IAO:0000115		
WARN	missing_definition	NCBITaxon:117571	IAO:0000115		
WARN	missing_definition	NCBITaxon:131567	IAO:0000115		
WARN	missing_definition	NCBITaxon:1338369	IAO:0000115		
WARN	missing_definition	NCBITaxon:1437010	IAO:0000115		
WARN	missing_definition	NCBITaxon:2	IAO:0000115		
WARN	missing_definition	NCBITaxon:207598	IAO:0000115		
WARN	missing_definition	NCBITaxon:2157	IAO:0000115		
WARN	missing_definition	NCBITaxon:2759	IAO:0000115		
WARN	missing_definition	NCBITaxon:314146	IAO:0000115		
WARN	missing_definition	NCBITaxon:314293	IAO:0000115		
WARN	missing_definition	NCBITaxon:314295	IAO:0000115		
WARN	missing_definition	NCBITaxon:32523	IAO:0000115		
WARN	missing_definition	NCBITaxon:32524	IAO:0000115		
WARN	missing_definition	NCBITaxon:32525	IAO:0000115		
WARN	missing_definition	NCBITaxon:33090	IAO:0000115		
WARN	missing_definition	NCBITaxon:33154	IAO:0000115		
WARN	missing_definition	NCBITaxon:33208	IAO:0000115		
WARN	missing_definition	NCBITaxon:33213	IAO:0000115		
WARN	missing_definition	NCBITaxon:33511	IAO:0000115		
WARN	missing_definition	NCBITaxon:376913	IAO:0000115		
WARN	missing_definition	NCBITaxon:40674	IAO:0000115		
WARN	missing_definition	NCBITaxon:6072	IAO:0000115		
WARN	missing_definition	NCBITaxon:7711	IAO:0000115		
WARN	missing_definition	NCBITaxon:7742	IAO:0000115		
WARN	missing_definition	NCBITaxon:7776	IAO:0000115		
WARN	missing_definition	NCBITaxon:8287	IAO:0000115		
WARN	missing_definition	NCBITaxon:89593	IAO:0000115		
WARN	missing_definition	NCBITaxon:9347	IAO:0000115		
WARN	missing_definition	NCBITaxon:9443	IAO:0000115		
WARN	missing_definition	NCBITaxon:9526	IAO:0000115		
WARN	missing_definition	NCBITaxon:9604	IAO:0000115		
WARN	missing_definition	NCBITaxon:9605	IAO:0000115		
WARN	missing_definition	NCBITaxon:9606	IAO:0000115		
WARN	missing_definition	PATO:0000068	IAO:0000115		
WARN	missing_definition	PATO:0002143	IAO:0000115		
WARN	missing_definition	RO:0001018	IAO:0000115		
WARN	missing_definition	RO:0001019	IAO:0000115		
WARN	missing_definition	RO:0002017	IAO:0000115		
WARN	missing_definition	RO:0002022	IAO:0000115		
WARN	missing_definition	RO:0002084	IAO:0000115		
WARN	missing_definition	RO:0002086	IAO:0000115		
WARN	missing_definition	RO:0002087	IAO:0000115		
WARN	missing_definition	RO:0002090	IAO:0000115		
WARN	missing_definition	RO:0002093	IAO:0000115		
WARN	missing_definition	RO:0002222	IAO:0000115		
WARN	missing_definition	RO:0002297	IAO:0000115		
WARN	missing_definition	RO:0002304	IAO:0000115		
WARN	missing_definition	RO:0002305	IAO:0000115		
WARN	missing_definition	RO:0002326	IAO:0000115		
WARN	missing_definition	RO:0002327	IAO:0000115		
WARN	missing_definition	RO:0002354	IAO:0000115		
WARN	missing_definition	RO:0002405	IAO:0000115		
WARN	missing_definition	RO:0002447	IAO:0000115		
WARN	missing_definition	RO:0002464	IAO:0000115		
WARN	missing_definition	RO:0002481	IAO:0000115		
WARN	missing_definition	RO:0002502	IAO:0000115		
WARN	missing_definition	RO:0002506	IAO:0000115		
WARN	missing_definition	RO:0002559	IAO:0000115		
WARN	missing_definition	RO:0002563	IAO:0000115		
WARN	missing_definition	RO:0002564	IAO:0000115		
WARN	missing_definition	RO:0004032	IAO:0000115		
WARN	missing_definition	RO:0004033	IAO:0000115		
WARN	missing_definition	RO:0004046	IAO:0000115		
WARN	missing_definition	RO:0004047	IAO:0000115		
WARN	missing_definition	RO:0004049	IAO:0000115		
WARN	missing_definition	RO:0004050	IAO:0000115		
WARN	missing_definition	SRPDIO:00000000	IAO:0000115		
WARN	missing_definition	http://purl.obolibrary.org/obo/po#Japanese	IAO:0000115		
WARN	missing_definition	http://purl.obolibrary.org/obo/po#Plural	IAO:0000115		
WARN	missing_definition	http://purl.obolibrary.org/obo/po#Spanish	IAO:0000115		
WARN	missing_definition	oboInOwl:Subset	IAO:0000115		
WARN	missing_definition	oboInOwl:SubsetProperty	IAO:0000115		
WARN	missing_definition	oboInOwl:created_by	IAO:0000115		
WARN	missing_definition	oboInOwl:creation_date	IAO:0000115		
WARN	missing_definition	oboInOwl:hasAlternativeId	IAO:0000115		
WARN	missing_definition	oboInOwl:hasBroadSynonym	IAO:0000115		
WARN	missing_definition	oboInOwl:hasDbXref	IAO:0000115		
WARN	missing_definition	oboInOwl:hasExactSynonym	IAO:0000115		
WARN	missing_definition	oboInOwl:hasNarrowSynonym	IAO:0000115		
WARN	missing_definition	oboInOwl:hasOBONamespace	IAO:0000115		
WARN	missing_definition	oboInOwl:hasRelatedSynonym	IAO:0000115		
WARN	missing_definition	oboInOwl:hasSynonymType	IAO:0000115		
WARN	missing_definition	oboInOwl:id	IAO:0000115		
WARN	missing_definition	oboInOwl:inSubset	IAO:0000115		
WARN	missing_definition	oboInOwl:shorthand	IAO:0000115		
WARN	duplicate_scoped_synonym	NCBITaxon:2759	oboInOwl:hasExactSynonym	eukaryotes	
WARN	duplicate_scoped_synonym	NCBITaxon:2759	oboInOwl:hasRelatedSynonym	eukaryotes	
WARN	duplicate_scoped_synonym	NCBITaxon:33090	oboInOwl:hasExactSynonym	green plants	
WARN	duplicate_scoped_synonym	NCBITaxon:33090	oboInOwl:hasRelatedSynonym	green plants	
WARN	duplicate_scoped_synonym	NCBITaxon:40674	oboInOwl:hasExactSynonym	mammals	
WARN	duplicate_scoped_synonym	NCBITaxon:40674	oboInOwl:hasRelatedSynonym	mammals	
WARN	duplicate_scoped_synonym	NCBITaxon:7711	oboInOwl:hasExactSynonym	chordates	
WARN	duplicate_scoped_synonym	NCBITaxon:7711	oboInOwl:hasRelatedSynonym	chordates	
WARN	duplicate_scoped_synonym	NCBITaxon:7742	oboInOwl:hasExactSynonym	vertebrates	
WARN	duplicate_scoped_synonym	NCBITaxon:7742	oboInOwl:hasRelatedSynonym	vertebrates	
WARN	duplicate_scoped_synonym	NCBITaxon:9347	oboInOwl:hasExactSynonym	placentals	
WARN	duplicate_scoped_synonym	NCBITaxon:9347	oboInOwl:hasRelatedSynonym	placentals	
WARN	missing_obsolete_label	PCO:0000028	rdfs:label	community@en	
WARN	missing_obsolete_label	RO:0002217	rdfs:label	actively participates in@en	
INFO	lowercase_definition	BFO:0000004	IAO:0000115	b is an independent continuant = Def. b is a continuant which is such that there is no c and no t such that b s-depends_on c at t. (axiom label in BFO2 Reference: [017-002])@en	
INFO	lowercase_definition	BFO:0000015	IAO:0000115	p is a process = Def. p is an occurrent that has temporal proper parts and for some time t, p s-depends_on some material entity at t. (axiom label in BFO2 Reference: [083-003])@en	
INFO	lowercase_definition	BFO:0000020	IAO:0000115	b is a relational specifically dependent continuant = Def. b is a specifically dependent continuant and there are n &gt; 1 independent continuants c1, … cn which are not spatial regions are such that for all 1  i &lt; j  n, ci  and cj share no common parts, are such that for each 1  i  n, b s-depends_on ci at every time t during the course of b’s existence (axiom label in BFO2 Reference: [131-004])@en	
INFO	lowercase_definition	BFO:0000020	IAO:0000115	b is a specifically dependent continuant = Def. b is a continuant & there is some independent continuant c which is not a spatial region and which is such that b s-depends_on c at every time t during the course of b’s existence. (axiom label in BFO2 Reference: [050-003])@en	
INFO	lowercase_definition	BFO:0000023	IAO:0000600	b is a role means: b is a realizable entity & b exists because there is some single bearer that is in some special physical, social, or institutional set of circumstances in which this bearer does not have to be& b is not such that, if it ceases to exist, then the physical make-up of the bearer is thereby changed. (axiom label in BFO2 Reference: [061-001])@en	
INFO	lowercase_definition	BFO:0000027	IAO:0000600	b is an object aggregate means: b is a material entity consisting exactly of a plurality of objects as member_parts at all times at which b exists. (axiom label in BFO2 Reference: [025-004])@en	
INFO	lowercase_definition	BFO:0000029	IAO:0000600	b is a site means: b is a three-dimensional immaterial entity that is (partially or wholly) bounded by a material entity or it is a three-dimensional immaterial part thereof. (axiom label in BFO2 Reference: [034-002])@en	
INFO	lowercase_definition	BFO:0000031	IAO:0000115	b is a generically dependent continuant = Def. b is a continuant that g-depends_on one or more other entities. (axiom label in BFO2 Reference: [074-001])@en	
INFO	lowercase_definition	BFO:0000050	IAO:0000115	a core relation that holds between a part and its whole@en	
INFO	lowercase_definition	BFO:0000051	IAO:0000115	a core relation that holds between a whole and its part@en	
INFO	lowercase_definition	BFO:0000062	IAO:0000115	x is preceded by y if and only if the time point at which y ends is before or equivalent to the time point at which x starts. Formally: x preceded by y iff ω(y) <= α(x), where α is a function that maps a process to a start point, and ω is a function that maps a process to an end point.@en	
INFO	lowercase_definition	BFO:0000063	IAO:0000115	x precedes y if and only if the time point at which x ends is before or equivalent to the time point at which y starts. Formally: x precedes y iff ω(x) <= α(y), where α is a function that maps a process to a start point, and ω is a function that maps a process to an end point.@en	
INFO	lowercase_definition	BFO:0000066	IAO:0000115	b occurs_in c =def b is a process and c is a material entity or immaterial entity& there exists a spatiotemporal region r and b occupies_spatiotemporal_region r.& forall(t) if b exists_at t then c exists_at t & there exist spatial regions s and s’ where & b spatially_projects_onto s at t& c is occupies_spatial_region s’ at t& s is a proper_continuant_part_of s’ at t@en	
INFO	lowercase_definition	BFO:0000067	IAO:0000115	[copied from inverse property 'occurs in'] b occurs_in c =def b is a process and c is a material entity or immaterial entity& there exists a spatiotemporal region r and b occupies_spatiotemporal_region r.& forall(t) if b exists_at t then c exists_at t & there exist spatial regions s and s’ where & b spatially_projects_onto s at t& c is occupies_spatial_region s’ at t& s is a proper_continuant_part_of s’ at t@en	
INFO	lowercase_definition	ENVO:01001307	IAO:0000115	x partially_surrounded_by y if and only if (1) x is adjacent to y and for the region r that is adjacent to x, r partially overlaps y (2) the shared boundary between x and y occupies  a non-trivial proportion of the outermost boundary of x	
INFO	lowercase_definition	IAO:0000027	IAO:0000115	a data item is an information content entity that is intended to be a truthful statement about something (modulo, e.g., measurement precision or other systematic errors) and is constructed/acquired by a method which reliably tends to produce (approximately) truthful statements.@en	
INFO	lowercase_definition	IAO:0000102	IAO:0000115	data about an ontology part is a data item about a part of an ontology, for example a term@en	
INFO	lowercase_definition	IAO:0000119	IAO:0000115	formal citation, e.g. identifier in external database to indicate / attribute source(s) for the definition. Free text indicate / attribute source(s) for the definition. EXAMPLE: Author Name, URI, MeSH Term C04, PUBMED ID, Wiki uri on 31.01.2007@en	
INFO	lowercase_definition	IAO:0000121	IAO:0000115	term created to ease viewing/sort terms for development purpose, and will not be included in a release@en	
INFO	lowercase_definition	RO:0000052	IAO:0000115	a relation between a specifically dependent continuant (the dependent) and an independent continuant (the bearer), in which the dependent specifically depends on the bearer for its existence@en	
INFO	lowercase_definition	RO:0000053	IAO:0000115	a relation between an independent continuant (the bearer) and a specifically dependent continuant (the dependent), in which the dependent specifically depends on the bearer for its existence@en	
INFO	lowercase_definition	RO:0000056	IAO:0000115	a relation between a continuant and a process, in which the continuant is somehow involved in the process@en	
INFO	lowercase_definition	RO:0000057	IAO:0000115	a relation between a process and a continuant, in which the continuant is somehow involved in the process@en	
INFO	lowercase_definition	RO:0000080	IAO:0000115	a relation between a quality and an independent continuant (the bearer), in which the quality specifically depends on the bearer for its existence@en	
INFO	lowercase_definition	RO:0000081	IAO:0000115	a relation between a role and an independent continuant (the bearer), in which the role specifically depends on the bearer for its existence@en	
INFO	lowercase_definition	RO:0000086	IAO:0000115	a relation between an independent continuant (the bearer) and a quality, in which the quality specifically depends on the bearer for its existence@en	
INFO	lowercase_definition	RO:0000087	IAO:0000115	a relation between an independent continuant (the bearer) and a role, in which the role specifically depends on the bearer for its existence@en	
INFO	lowercase_definition	RO:0001000	IAO:0000115	a relation between two distinct material entities, the new entity and the old entity, in which the new entity begins to exist when the old entity ceases to exist, and the new entity inherits the significant portion of the matter of the old entity@en	
INFO	lowercase_definition	RO:0001001	IAO:0000115	a relation between two distinct material entities, the old entity and the new entity, in which the new entity begins to exist when the old entity ceases to exist, and the new entity inherits the significant portion of the matter of the old entity@en	
INFO	lowercase_definition	RO:0001015	IAO:0000115	a relation between two independent continuants, the location and the target, in which the target is entirely within the location@en	
INFO	lowercase_definition	RO:0001025	IAO:0000115	a relation between two independent continuants, the target and the location, in which the target is entirely within the location@en	
INFO	lowercase_definition	RO:0001901	IAO:0000115	        ## Elucidation        This is used when the statement/axiom is assumed to hold true 'eternally'        ## How to interpret (informal)        First the \"atemporal\" FOL is derived from the OWL using the standard    interpretation. This axiom is temporalized by embedding the axiom    within a for-all-times quantified sentence. The t argument is added to    all instantiation predicates and predicates that use this relation.        ## Example            Class: nucleus        SubClassOf: part_of some cell            forall t :          forall n :            instance_of(n,Nucleus,t)             implies            exists c :              instance_of(c,Cell,t)              part_of(n,c,t)        ## Notes        This interpretation is *not* the same as an at-all-times relation        	
INFO	lowercase_definition	RO:0002018	IAO:0000115	w 'has process component' p if p and w are processes,  w 'has part' p and w is such that it can be directly disassembled into into n parts p, p2, p3, ..., pn, where these parts are of similar type.	
INFO	lowercase_definition	RO:0002131	IAO:0000115	x overlaps y if and only if there exists some z such that x has part z and z part of y	
INFO	lowercase_definition	RO:0002160	IAO:0000115	x only in taxon y if and only if x is in taxon y, and there is no other organism z such that y!=z a and x is in taxon z.	
INFO	lowercase_definition	RO:0002162	IAO:0000115	x is in taxon y if an only if y is an organism, and the relationship between x and y is one of: part of (reflexive), developmentally preceded by, derives from, secreted by, expressed.	
INFO	lowercase_definition	RO:0002180	IAO:0000115	w 'has component' p if w 'has part' p and w is such that it can be directly disassembled into into n parts p, p2, p3, ..., pn, where these parts are of similar type.	
INFO	lowercase_definition	RO:0002202	IAO:0000115	x develops from y if and only if either (a) x directly develops from y or (b) there exists some z such that x directly develops from z and z develops from y	
INFO	lowercase_definition	RO:0002203	IAO:0000115	inverse of develops from	
INFO	lowercase_definition	RO:0002211	IAO:0000115	process(P1) regulates process(P2) iff: P1 results in the initiation or termination of P2 OR affects the frequency of its initiation or termination OR affects the magnitude or rate of output of P2.	
INFO	lowercase_definition	RO:0002216	IAO:0000115	c stands in this relationship to p if and only if there exists some p' such that c is capable_of p', and p' is part_of p.	
INFO	lowercase_definition	RO:0002217	IAO:0000115	x actively participates in y if and only if x participates in y and x realizes some active role	
INFO	lowercase_definition	RO:0002218	IAO:0000115	x has participant y if and only if x realizes some active role that inheres in y	
INFO	lowercase_definition	RO:0002219	IAO:0000115	x surrounded_by y if and only if (1) x is adjacent to y and for every region r that is adjacent to x, r overlaps y (2) the shared boundary between x and y occupies the majority of the outermost boundary of x	
INFO	lowercase_definition	RO:0002220	IAO:0000115	x adjacent to y if and only if x and y share a boundary.	
INFO	lowercase_definition	RO:0002221	IAO:0000115	inverse of surrounded by	
INFO	lowercase_definition	RO:0002229	IAO:0000115	inverse of ends with	
INFO	lowercase_definition	RO:0002230	IAO:0000115	x ends with y if and only if x has part y and the time point at which x ends is equivalent to the time point at which y ends. Formally: α(y) > α(x) ∧ ω(y) = ω(x), where α is a function that maps a process to a start point, and ω is a function that maps a process to an end point.	
INFO	lowercase_definition	RO:0002232	IAO:0000115	x 'has end location' y if and only if there exists some process z such that x 'ends with' z and z 'occurs in' y	
INFO	lowercase_definition	RO:0002233	IAO:0000115	p has input c iff: p is a process, c is a material entity, c is a participant in p, c is present at the start of p, and the state of c is modified during p.	
INFO	lowercase_definition	RO:0002234	IAO:0000115	p has output c iff c is a participant in p, c is present at the end of p, and c is not present at the beginning of p.	
INFO	lowercase_definition	RO:0002254	IAO:0000115	x has developmental contribution from y iff x has some part z such that z develops from y@en	
INFO	lowercase_definition	RO:0002255	IAO:0000115	inverse of has developmental contribution from	
INFO	lowercase_definition	RO:0002263	IAO:0000115	c acts upstream of p if and only if c enables some f that is involved in p' and p' occurs chronologically before p, is not part of p, and affects the execution of p. c is a material entity and f, p, p' are processes.	
INFO	lowercase_definition	RO:0002264	IAO:0000115	c acts upstream of or within p if c is enables f, and f is causally upstream of or within p. c is a material entity and p is an process.	
INFO	lowercase_definition	RO:0002295	IAO:0000115	p results in the developmental progression of s iff p is a developmental process and s is an anatomical structure and p causes s to undergo a change in state at some point along its natural developmental cycle (this cycle starts with its formation, through the mature structure, and ends with its loss).	
INFO	lowercase_definition	RO:0002303	IAO:0000115	x 'has habitat' y if and only if: x is an organism, y is a habitat, and y can sustain and allow the growth of a population of xs.	
INFO	lowercase_definition	RO:0002314	IAO:0000115	q inheres in part of w if and only if there exists some p such that q inheres in p and p part of w.	
INFO	lowercase_definition	RO:0002329	IAO:0000115	this relation holds between c and p when c is part of some c', and c' is capable of p.	
INFO	lowercase_definition	RO:0002331	IAO:0000115	c involved_in p if and only if c enables some process p', and p' is part of p	
INFO	lowercase_definition	RO:0002333	IAO:0000115	inverse of enables	
INFO	lowercase_definition	RO:0002334	IAO:0000115	inverse of regulates	
INFO	lowercase_definition	RO:0002335	IAO:0000115	inverse of negatively regulates	
INFO	lowercase_definition	RO:0002336	IAO:0000115	inverse of positively regulates	
INFO	lowercase_definition	RO:0002350	IAO:0000115	is member of is a mereological relation between a item and a collection.	
INFO	lowercase_definition	RO:0002351	IAO:0000115	has member is a mereological relation between a collection and an item.	
INFO	lowercase_definition	RO:0002352	IAO:0000115	inverse of has input	
INFO	lowercase_definition	RO:0002353	IAO:0000115	inverse of has output	
INFO	lowercase_definition	RO:0002379	IAO:0000115	x spatially_coextensive_with y if and inly if x and y have the same location	
INFO	lowercase_definition	RO:0002384	IAO:0000115	x has developmental potential involving y iff x is capable of a developmental process with output y. y may be the successor of x, or may be a different structure in the vicinity (as for example in the case of developmental induction).@en	
INFO	lowercase_definition	RO:0002385	IAO:0000115	x has potential to developmentrally contribute to y iff x developmentally contributes to y or x is capable of developmentally contributing to y@en	
INFO	lowercase_definition	RO:0002387	IAO:0000115	x has the potential to develop into y iff x develops into y or if x is capable of developing into y@en	
INFO	lowercase_definition	RO:0002388	IAO:0000115	x has potential to directly develop into y iff x directly develops into y or x is capable of directly developing into y@en	
INFO	lowercase_definition	RO:0002404	IAO:0000115	inverse of upstream of	
INFO	lowercase_definition	RO:0002411	IAO:0000115	p is causally upstream of q if and only if p precedes q and p and q are linked in a causal chain	
INFO	lowercase_definition	RO:0002412	IAO:0000115	p is immediately causally upstream of q iff both (a) p immediately precedes q and (b) p is causally upstream of q. In addition, the output of p  must be an input of q.	
INFO	lowercase_definition	RO:0002418	IAO:0000115	p 'causally upstream or within' q iff (1) the end of p is before the end of q and (2) the execution of p exerts some causal influence over the outputs of q; i.e. if p was abolished or the outputs of p were to be modified, this would necessarily affect q.	
INFO	lowercase_definition	RO:0002427	IAO:0000115	inverse of causally upstream of or within	
INFO	lowercase_definition	RO:0002428	IAO:0000115	c involved in regulation of p if c is involved in some p' and p' regulates some p	
INFO	lowercase_definition	RO:0002429	IAO:0000115	c involved in regulation of p if c is involved in some p' and p' positively regulates some p	
INFO	lowercase_definition	RO:0002430	IAO:0000115	c involved in regulation of p if c is involved in some p' and p' negatively regulates some p	
INFO	lowercase_definition	RO:0002431	IAO:0000115	c involved in or regulates p if and only if either (i) c is involved in p or (ii) c is involved in regulation of p	
INFO	lowercase_definition	RO:0002432	IAO:0000115	c executes activity in d if and only if c enables p and p occurs_in d.  Assuming no action at a distance by gene products, if a gene product enables (is capable of) a process that occurs in some structure, it must have at least some part in that structure.	
INFO	lowercase_definition	RO:0002473	IAO:0000115	x composed_primarily_of y if and only if more than half of the mass of x is made from y or units of the same type as y.	
INFO	lowercase_definition	RO:0002479	IAO:0000115	p has part that occurs in c if and only if there exists some p1, such that p has_part p1, and p1 occurs in c.	
INFO	lowercase_definition	RO:0002501	IAO:0000115	p is causally related to q if and only if p or any part of p and q or any part of q are linked by a chain of events where each event pair is one of direct activation or direct inhibition. p may be upstream, downstream, part of or a container of q.	
INFO	lowercase_definition	RO:0002507	IAO:0000115	s determined by f if and only if s is a type of system, and f is a material entity that is part of s, such that f exerts a strong causal influence on the functioning of s, and the removal of f would cause the collapse of s.	
INFO	lowercase_definition	RO:0002508	IAO:0000115	inverse of determined by	
INFO	lowercase_definition	RO:0002509	IAO:0000115	s 'determined by part of' w if and only if there exists some f such that (1) s 'determined by' f and (2) f part_of w, or f=w.	
INFO	lowercase_definition	RO:0002575	IAO:0000115	relation p is the direct form of relation q iff p is a subPropertyOf q, p does not have the Transitive characteristic, q does have the Transitive characteristic, and for all x, y: x q y -> exists z1, z2, ..., zn such that x p z1 ... z2n y	
INFO	lowercase_definition	RO:0002584	IAO:0000115	s 'has part structure that is capable of' p if and only if there exists some part x such that s 'has part' x and x 'capable of' p	
INFO	lowercase_definition	RO:0003000	IAO:0000115	a produces b if some process that occurs_in a has_output b, where a and b are material entities. Examples: hybridoma cell line produces monoclonal antibody reagent; chondroblast produces avascular GAG-rich matrix.	
INFO	lowercase_definition	RO:0003001	IAO:0000115	a produced_by b iff some process that occurs_in b has_output a.	
INFO	lowercase_definition	RO:0004034	IAO:0000115	c 'acts upstream of, positive effect' p if c is enables f, and f is causally upstream of p, and the direction of f is positive	
INFO	lowercase_definition	RO:0004035	IAO:0000115	c 'acts upstream of, negative effect' p if c is enables f, and f is causally upstream of p, and the direction of f is negative	
INFO	lowercase_definition	http://purl.obolibrary.org/obo/pato#decreased_in_magnitude_relative_to	IAO:0000115	q1 decreased_in_magnitude_relative_to q2 if and only if magnitude(q1) < magnitude(q2). Here, magnitude(q) is a function that maps a quality to a unit-invariant scale.	
INFO	lowercase_definition	http://purl.obolibrary.org/obo/pato#different_in_magnitude_relative_to	IAO:0000115	q1 different_in_magnitude_relative_to q2 if and only if magnitude(q1) NOT =~ magnitude(q2). Here, magnitude(q) is a function that maps a quality to a unit-invariant scale.	
INFO	lowercase_definition	http://purl.obolibrary.org/obo/pato#increased_in_magnitude_relative_to	IAO:0000115	q1 increased_in_magnitude_relative_to q2 if and only if magnitude(q1) > magnitude(q2). Here, magnitude(q) is a function that maps a quality to a unit-invariant scale.	
INFO	lowercase_definition	https://www.wikidata.org/wiki/Q2	IAO:0000115	third planet from the Sun in the Solar System	
INFO	lowercase_definition	https://www.wikidata.org/wiki/Q2306597	IAO:0000115	\"Suni, or Jalca, is one of the eight Natural Regions of Peru. It is located in the Andes at an altitude between 3,500 and 4,000 metres above sea level. Suni has a dry and cold weather and there are many glacial valleys. The flora includes gramineous plants and shrubs such as the taya-taya (Caesalpinia spinosa), the quishuar (Buddleja coriacea), and the cantuta (Cantua buxifolia) which was considered sacred by the Incas. Even though it is hard for plants to grow because of the weather, people are able to cultivate such crops as quinoa, qañiwa, broad beans and ulluku (Ullucus tuberosus). The main fauna is the guinea pig and, among numerous other highland birds, the Chiguanco thrush.\"	
INFO	missing_superclass	BFO:0000001	rdfs:subClassOf		
INFO	missing_superclass	PO:0009012	rdfs:subClassOf		
INFO	missing_superclass	SRPDIO:00000000	rdfs:subClassOf		
INFO	missing_superclass	SRPDIO:1000000	rdfs:subClassOf		
INFO	missing_superclass	SRPDIO:1000001	rdfs:subClassOf		
INFO	missing_superclass	SRPDIO:1000002	rdfs:subClassOf		
INFO	missing_superclass	SRPDIO:1000003	rdfs:subClassOf		
INFO	missing_superclass	SRPDIO:1000004	rdfs:subClassOf		
INFO	missing_superclass	SRPDIO:1000005	rdfs:subClassOf		
INFO	missing_superclass	SRPDIO:1000006	rdfs:subClassOf		
INFO	missing_superclass	SRPDIO:1000007	rdfs:subClassOf		
INFO	missing_superclass	SRPDIO:1000008	rdfs:subClassOf		
INFO	missing_superclass	SRPDIO:1000009	rdfs:subClassOf		
INFO	missing_superclass	SRPDIO:1000010	rdfs:subClassOf		
INFO	missing_superclass	SRPDIO:1000011	rdfs:subClassOf		
INFO	missing_superclass	SRPDIO:1000012	rdfs:subClassOf		
INFO	missing_superclass	SRPDIO:1000013	rdfs:subClassOf		
INFO	missing_superclass	SRPDIO:1000014	rdfs:subClassOf		
INFO	missing_superclass	SRPDIO:1000015	rdfs:subClassOf		
INFO	missing_superclass	SRPDIO:1000016	rdfs:subClassOf		
INFO	missing_superclass	SRPDIO:1000017	rdfs:subClassOf		
INFO	missing_superclass	SRPDIO:1000018	rdfs:subClassOf		
INFO	missing_superclass	SRPDIO:1000019	rdfs:subClassOf		
INFO	missing_superclass	SRPDIO:1000020	rdfs:subClassOf		
INFO	missing_superclass	SRPDIO:1000021	rdfs:subClassOf		
INFO	missing_superclass	SRPDIO:1000022	rdfs:subClassOf		
INFO	missing_superclass	SRPDIO:1000023	rdfs:subClassOf		
INFO	missing_superclass	SRPDIO:1000024	rdfs:subClassOf		
INFO	missing_superclass	SRPDIO:1000025	rdfs:subClassOf		
INFO	missing_superclass	SRPDIO:1000026	rdfs:subClassOf		
INFO	missing_superclass	SRPDIO:1000027	rdfs:subClassOf		
INFO	missing_superclass	SRPDIO:1000028	rdfs:subClassOf		
INFO	missing_superclass	SRPDIO:1000029	rdfs:subClassOf		
INFO	missing_superclass	SRPDIO:1000030	rdfs:subClassOf		
INFO	missing_superclass	SRPDIO:1000031	rdfs:subClassOf		
INFO	missing_superclass	SRPDIO:1000032	rdfs:subClassOf		
INFO	missing_superclass	SRPDIO:1000033	rdfs:subClassOf		
INFO	missing_superclass	SRPDIO:1000034	rdfs:subClassOf		
INFO	missing_superclass	SRPDIO:1000035	rdfs:subClassOf		
INFO	missing_superclass	SRPDIO:1000036	rdfs:subClassOf		
INFO	missing_superclass	SRPDIO:1000037	rdfs:subClassOf		
INFO	missing_superclass	SRPDIO:1000038	rdfs:subClassOf		
INFO	missing_superclass	SRPDIO:1000039	rdfs:subClassOf		
INFO	missing_superclass	SRPDIO:1000040	rdfs:subClassOf		
INFO	missing_superclass	SRPDIO:1000041	rdfs:subClassOf		
INFO	missing_superclass	SRPDIO:1000042	rdfs:subClassOf		
INFO	missing_superclass	SRPDIO:1000043	rdfs:subClassOf		
INFO	missing_superclass	SRPDIO:1000044	rdfs:subClassOf		
INFO	missing_superclass	SRPDIO:1000045	rdfs:subClassOf		
INFO	missing_superclass	SRPDIO:1000046	rdfs:subClassOf		
INFO	missing_superclass	SRPDIO:1000047	rdfs:subClassOf		
INFO	missing_superclass	SRPDIO:1000048	rdfs:subClassOf		
INFO	missing_superclass	SRPDIO:1000049	rdfs:subClassOf		
INFO	missing_superclass	SRPDIO:1000050	rdfs:subClassOf		
INFO	missing_superclass	SRPDIO:1000051	rdfs:subClassOf		
INFO	missing_superclass	SRPDIO:1000052	rdfs:subClassOf		
INFO	missing_superclass	SRPDIO:1000053	rdfs:subClassOf		
INFO	missing_superclass	SRPDIO:1000054	rdfs:subClassOf		
INFO	missing_superclass	SRPDIO:1000055	rdfs:subClassOf		
INFO	missing_superclass	SRPDIO:1000056	rdfs:subClassOf		
INFO	missing_superclass	SRPDIO:1000057	rdfs:subClassOf		
INFO	missing_superclass	SRPDIO:1000058	rdfs:subClassOf		
INFO	missing_superclass	SRPDIO:1000059	rdfs:subClassOf		
INFO	missing_superclass	SRPDIO:1000060	rdfs:subClassOf		
INFO	missing_superclass	SRPDIO:1000061	rdfs:subClassOf		
INFO	missing_superclass	SRPDIO:1000062	rdfs:subClassOf		
INFO	missing_superclass	SRPDIO:1000063	rdfs:subClassOf		
INFO	missing_superclass	SRPDIO:1000064	rdfs:subClassOf		
INFO	missing_superclass	SRPDIO:1000065	rdfs:subClassOf		
INFO	missing_superclass	SRPDIO:1000066	rdfs:subClassOf		
INFO	missing_superclass	SRPDIO:1000067	rdfs:subClassOf		
INFO	missing_superclass	SRPDIO:1000068	rdfs:subClassOf		
INFO	missing_superclass	SRPDIO:1000069	rdfs:subClassOf		
INFO	missing_superclass	SRPDIO:1000070	rdfs:subClassOf		
INFO	missing_superclass	SRPDIO:1000071	rdfs:subClassOf		
INFO	missing_superclass	SRPDIO:1000072	rdfs:subClassOf		
INFO	missing_superclass	SRPDIO:1000073	rdfs:subClassOf		
INFO	missing_superclass	SRPDIO:1000074	rdfs:subClassOf		
INFO	missing_superclass	SRPDIO:1000075	rdfs:subClassOf		
INFO	missing_superclass	SRPDIO:1000076	rdfs:subClassOf		
INFO	missing_superclass	SRPDIO:1000077	rdfs:subClassOf		
INFO	missing_superclass	SRPDIO:1000078	rdfs:subClassOf		
INFO	missing_superclass	SRPDIO:1000079	rdfs:subClassOf		
INFO	missing_superclass	SRPDIO:1000080	rdfs:subClassOf		
INFO	missing_superclass	SRPDIO:1000081	rdfs:subClassOf		
INFO	missing_superclass	SRPDIO:1000082	rdfs:subClassOf		
INFO	missing_superclass	SRPDIO:1000083	rdfs:subClassOf		
INFO	missing_superclass	SRPDIO:1000084	rdfs:subClassOf		
INFO	missing_superclass	SRPDIO:1000085	rdfs:subClassOf		
INFO	missing_superclass	SRPDIO:1000086	rdfs:subClassOf		
INFO	missing_superclass	SRPDIO:1000087	rdfs:subClassOf		
INFO	missing_superclass	SRPDIO:1000088	rdfs:subClassOf		
INFO	missing_superclass	SRPDIO:1000089	rdfs:subClassOf		
INFO	missing_superclass	SRPDIO:1000090	rdfs:subClassOf		
INFO	missing_superclass	SRPDIO:1000091	rdfs:subClassOf		
INFO	missing_superclass	SRPDIO:1000092	rdfs:subClassOf		
INFO	missing_superclass	SRPDIO:1000093	rdfs:subClassOf		
INFO	missing_superclass	SRPDIO:1000094	rdfs:subClassOf		
INFO	missing_superclass	SRPDIO:1000095	rdfs:subClassOf		
INFO	missing_superclass	SRPDIO:1000096	rdfs:subClassOf		
INFO	missing_superclass	SRPDIO:1000097	rdfs:subClassOf		
INFO	missing_superclass	SRPDIO:1000098	rdfs:subClassOf		
INFO	missing_superclass	SRPDIO:1000099	rdfs:subClassOf		
INFO	missing_superclass	SRPDIO:1000100	rdfs:subClassOf		
INFO	missing_superclass	SRPDIO:1000101	rdfs:subClassOf		
INFO	missing_superclass	SRPDIO:1000102	rdfs:subClassOf		
INFO	missing_superclass	SRPDIO:1000103	rdfs:subClassOf		
INFO	missing_superclass	SRPDIO:1000104	rdfs:subClassOf		
INFO	missing_superclass	SRPDIO:1000105	rdfs:subClassOf		
INFO	missing_superclass	SRPDIO:1000106	rdfs:subClassOf		
INFO	missing_superclass	SRPDIO:1000107	rdfs:subClassOf		
INFO	missing_superclass	SRPDIO:1000108	rdfs:subClassOf		
INFO	missing_superclass	SRPDIO:1000109	rdfs:subClassOf		
INFO	missing_superclass	SRPDIO:1000110	rdfs:subClassOf		
INFO	missing_superclass	SRPDIO:1000111	rdfs:subClassOf		
INFO	missing_superclass	SRPDIO:1000112	rdfs:subClassOf		
INFO	missing_superclass	SRPDIO:1000113	rdfs:subClassOf		
INFO	missing_superclass	SRPDIO:1000114	rdfs:subClassOf		
INFO	missing_superclass	SRPDIO:1000115	rdfs:subClassOf		
INFO	missing_superclass	SRPDIO:1000116	rdfs:subClassOf		
INFO	missing_superclass	SRPDIO:1000117	rdfs:subClassOf		
INFO	missing_superclass	SRPDIO:1000118	rdfs:subClassOf		
INFO	missing_superclass	SRPDIO:1000119	rdfs:subClassOf		
INFO	missing_superclass	SRPDIO:1000120	rdfs:subClassOf		
INFO	missing_superclass	SRPDIO:1000121	rdfs:subClassOf		
INFO	missing_superclass	SRPDIO:1000122	rdfs:subClassOf		
INFO	missing_superclass	SRPDIO:1000123	rdfs:subClassOf		
INFO	missing_superclass	SRPDIO:1000124	rdfs:subClassOf		
INFO	missing_superclass	SRPDIO:1000125	rdfs:subClassOf		
INFO	missing_superclass	SRPDIO:1000126	rdfs:subClassOf		
INFO	missing_superclass	SRPDIO:1000127	rdfs:subClassOf		
INFO	missing_superclass	SRPDIO:1000128	rdfs:subClassOf		
INFO	missing_superclass	SRPDIO:1000129	rdfs:subClassOf		
INFO	missing_superclass	SRPDIO:1000130	rdfs:subClassOf		
INFO	missing_superclass	SRPDIO:1000131	rdfs:subClassOf		
INFO	missing_superclass	SRPDIO:1000132	rdfs:subClassOf		
INFO	missing_superclass	SRPDIO:1000133	rdfs:subClassOf		
INFO	missing_superclass	SRPDIO:1000134	rdfs:subClassOf		
INFO	missing_superclass	SRPDIO:1000135	rdfs:subClassOf		
INFO	missing_superclass	SRPDIO:1000136	rdfs:subClassOf		
INFO	missing_superclass	SRPDIO:1000137	rdfs:subClassOf		
INFO	missing_superclass	SRPDIO:1000138	rdfs:subClassOf		
INFO	missing_superclass	SRPDIO:1000139	rdfs:subClassOf		
INFO	missing_superclass	SRPDIO:1000140	rdfs:subClassOf		
INFO	missing_superclass	SRPDIO:1000141	rdfs:subClassOf		
INFO	missing_superclass	SRPDIO:1000142	rdfs:subClassOf		
INFO	missing_superclass	SRPDIO:1000143	rdfs:subClassOf		
INFO	missing_superclass	SRPDIO:1000144	rdfs:subClassOf		
INFO	missing_superclass	SRPDIO:1000145	rdfs:subClassOf		
INFO	missing_superclass	SRPDIO:1000146	rdfs:subClassOf		
INFO	missing_superclass	SRPDIO:1000147	rdfs:subClassOf		
INFO	missing_superclass	SRPDIO:1000148	rdfs:subClassOf		
INFO	missing_superclass	SRPDIO:1000149	rdfs:subClassOf		
INFO	missing_superclass	SRPDIO:1000150	rdfs:subClassOf		
INFO	missing_superclass	SRPDIO:1000151	rdfs:subClassOf		
INFO	missing_superclass	SRPDIO:1000152	rdfs:subClassOf		
INFO	missing_superclass	SRPDIO:1000153	rdfs:subClassOf		
INFO	missing_superclass	SRPDIO:1000154	rdfs:subClassOf		
INFO	missing_superclass	SRPDIO:1000155	rdfs:subClassOf		
INFO	missing_superclass	SRPDIO:1000156	rdfs:subClassOf		
INFO	missing_superclass	SRPDIO:1000157	rdfs:subClassOf		
INFO	missing_superclass	SRPDIO:1000158	rdfs:subClassOf		
INFO	missing_superclass	SRPDIO:1000159	rdfs:subClassOf		
INFO	missing_superclass	SRPDIO:1000160	rdfs:subClassOf		
INFO	missing_superclass	SRPDIO:1000161	rdfs:subClassOf		
INFO	missing_superclass	SRPDIO:1000162	rdfs:subClassOf		
INFO	missing_superclass	SRPDIO:1000163	rdfs:subClassOf		
INFO	missing_superclass	SRPDIO:1000164	rdfs:subClassOf		
INFO	missing_superclass	SRPDIO:1000165	rdfs:subClassOf		
INFO	missing_superclass	SRPDIO:1000166	rdfs:subClassOf		
INFO	missing_superclass	SRPDIO:1000167	rdfs:subClassOf		
INFO	missing_superclass	SRPDIO:1000168	rdfs:subClassOf		
INFO	missing_superclass	SRPDIO:1000169	rdfs:subClassOf		
INFO	missing_superclass	SRPDIO:1000170	rdfs:subClassOf		
INFO	missing_superclass	SRPDIO:1000171	rdfs:subClassOf		
INFO	missing_superclass	SRPDIO:1000172	rdfs:subClassOf		
INFO	missing_superclass	SRPDIO:1000173	rdfs:subClassOf		
INFO	missing_superclass	SRPDIO:1000174	rdfs:subClassOf		
INFO	missing_superclass	SRPDIO:1000175	rdfs:subClassOf		
INFO	missing_superclass	SRPDIO:1000176	rdfs:subClassOf		
INFO	missing_superclass	SRPDIO:1000177	rdfs:subClassOf		
INFO	missing_superclass	SRPDIO:1000178	rdfs:subClassOf		
INFO	missing_superclass	SRPDIO:1000179	rdfs:subClassOf		
INFO	missing_superclass	SRPDIO:1000180	rdfs:subClassOf		
INFO	missing_superclass	SRPDIO:1000181	rdfs:subClassOf		
INFO	missing_superclass	SRPDIO:1000182	rdfs:subClassOf		
INFO	missing_superclass	SRPDIO:1000183	rdfs:subClassOf		
INFO	missing_superclass	SRPDIO:1000184	rdfs:subClassOf		
INFO	missing_superclass	SRPDIO:1000185	rdfs:subClassOf		
INFO	missing_superclass	SRPDIO:1000186	rdfs:subClassOf		
INFO	missing_superclass	SRPDIO:1000187	rdfs:subClassOf		
INFO	missing_superclass	SRPDIO:1000188	rdfs:subClassOf		
INFO	missing_superclass	SRPDIO:1000189	rdfs:subClassOf		
INFO	missing_superclass	SRPDIO:1000190	rdfs:subClassOf		
INFO	missing_superclass	SRPDIO:1000191	rdfs:subClassOf		
INFO	missing_superclass	SRPDIO:1000192	rdfs:subClassOf		
INFO	missing_superclass	SRPDIO:1000193	rdfs:subClassOf		
INFO	missing_superclass	SRPDIO:1000194	rdfs:subClassOf		
INFO	missing_superclass	SRPDIO:1000195	rdfs:subClassOf		
INFO	missing_superclass	SRPDIO:1000196	rdfs:subClassOf		
INFO	missing_superclass	SRPDIO:1000197	rdfs:subClassOf		
INFO	missing_superclass	SRPDIO:1000198	rdfs:subClassOf		
INFO	missing_superclass	SRPDIO:1000199	rdfs:subClassOf		
INFO	missing_superclass	SRPDIO:1000200	rdfs:subClassOf		
INFO	missing_superclass	SRPDIO:1000201	rdfs:subClassOf		
INFO	missing_superclass	SRPDIO:1000202	rdfs:subClassOf		
INFO	missing_superclass	SRPDIO:1000203	rdfs:subClassOf		
INFO	missing_superclass	SRPDIO:1000204	rdfs:subClassOf		
INFO	missing_superclass	SRPDIO:1000205	rdfs:subClassOf		
INFO	missing_superclass	SRPDIO:1000206	rdfs:subClassOf		
INFO	missing_superclass	SRPDIO:1000207	rdfs:subClassOf		
INFO	missing_superclass	SRPDIO:1000208	rdfs:subClassOf		
INFO	missing_superclass	SRPDIO:1000209	rdfs:subClassOf		
INFO	missing_superclass	SRPDIO:1000210	rdfs:subClassOf		
INFO	missing_superclass	SRPDIO:1000211	rdfs:subClassOf		
INFO	missing_superclass	SRPDIO:1000212	rdfs:subClassOf		
INFO	missing_superclass	SRPDIO:1000213	rdfs:subClassOf		
INFO	missing_superclass	SRPDIO:1000214	rdfs:subClassOf		
INFO	missing_superclass	SRPDIO:1000215	rdfs:subClassOf		
INFO	missing_superclass	SRPDIO:1000216	rdfs:subClassOf		
INFO	missing_superclass	SRPDIO:1000217	rdfs:subClassOf		
INFO	missing_superclass	SRPDIO:1000218	rdfs:subClassOf		
INFO	missing_superclass	SRPDIO:1000219	rdfs:subClassOf		
INFO	missing_superclass	SRPDIO:1000220	rdfs:subClassOf		
INFO	missing_superclass	SRPDIO:1000221	rdfs:subClassOf		
INFO	missing_superclass	SRPDIO:1000222	rdfs:subClassOf		
INFO	missing_superclass	SRPDIO:1000223	rdfs:subClassOf		
INFO	missing_superclass	SRPDIO:1000224	rdfs:subClassOf		
INFO	missing_superclass	SRPDIO:1000225	rdfs:subClassOf		
INFO	missing_superclass	SRPDIO:1000226	rdfs:subClassOf		
INFO	missing_superclass	SRPDIO:1000227	rdfs:subClassOf		
INFO	missing_superclass	SRPDIO:1000228	rdfs:subClassOf		
INFO	missing_superclass	SRPDIO:1000229	rdfs:subClassOf		
INFO	missing_superclass	SRPDIO:1000230	rdfs:subClassOf		
INFO	missing_superclass	SRPDIO:1000231	rdfs:subClassOf		
INFO	missing_superclass	SRPDIO:1000232	rdfs:subClassOf		
INFO	missing_superclass	SRPDIO:1000233	rdfs:subClassOf		
INFO	missing_superclass	SRPDIO:1000234	rdfs:subClassOf		
INFO	missing_superclass	SRPDIO:1000235	rdfs:subClassOf		
INFO	missing_superclass	SRPDIO:1000236	rdfs:subClassOf		
INFO	missing_superclass	SRPDIO:1000237	rdfs:subClassOf		
INFO	missing_superclass	SRPDIO:1000238	rdfs:subClassOf		
INFO	missing_superclass	SRPDIO:1000239	rdfs:subClassOf		
INFO	missing_superclass	SRPDIO:1000240	rdfs:subClassOf		
INFO	missing_superclass	SRPDIO:1000241	rdfs:subClassOf		
INFO	missing_superclass	SRPDIO:1000242	rdfs:subClassOf		
INFO	missing_superclass	SRPDIO:1000243	rdfs:subClassOf		
INFO	missing_superclass	SRPDIO:1000244	rdfs:subClassOf		
INFO	missing_superclass	SRPDIO:1000245	rdfs:subClassOf		
INFO	missing_superclass	SRPDIO:1000246	rdfs:subClassOf		
INFO	missing_superclass	SRPDIO:1000247	rdfs:subClassOf		
INFO	missing_superclass	SRPDIO:1000248	rdfs:subClassOf		
INFO	missing_superclass	SRPDIO:1000249	rdfs:subClassOf		
INFO	missing_superclass	SRPDIO:1000250	rdfs:subClassOf		
INFO	missing_superclass	SRPDIO:1000251	rdfs:subClassOf		
INFO	missing_superclass	SRPDIO:1000252	rdfs:subClassOf		
INFO	missing_superclass	SRPDIO:1000253	rdfs:subClassOf		
INFO	missing_superclass	SRPDIO:1000254	rdfs:subClassOf		
INFO	missing_superclass	SRPDIO:1000255	rdfs:subClassOf		
INFO	missing_superclass	SRPDIO:1000256	rdfs:subClassOf		
INFO	missing_superclass	SRPDIO:1000257	rdfs:subClassOf		
INFO	missing_superclass	SRPDIO:1000258	rdfs:subClassOf		
INFO	missing_superclass	SRPDIO:1000259	rdfs:subClassOf		
INFO	missing_superclass	SRPDIO:1000260	rdfs:subClassOf		
INFO	missing_superclass	SRPDIO:1000261	rdfs:subClassOf		
INFO	missing_superclass	SRPDIO:1000262	rdfs:subClassOf		
INFO	missing_superclass	SRPDIO:1000263	rdfs:subClassOf		
INFO	missing_superclass	SRPDIO:1000264	rdfs:subClassOf		
INFO	missing_superclass	SRPDIO:1000265	rdfs:subClassOf		
INFO	missing_superclass	SRPDIO:1000266	rdfs:subClassOf		
INFO	missing_superclass	SRPDIO:1000267	rdfs:subClassOf		
INFO	missing_superclass	SRPDIO:1000268	rdfs:subClassOf		
INFO	missing_superclass	SRPDIO:1000269	rdfs:subClassOf		
INFO	missing_superclass	SRPDIO:1000270	rdfs:subClassOf		
INFO	missing_superclass	SRPDIO:1000271	rdfs:subClassOf		
INFO	missing_superclass	SRPDIO:1000272	rdfs:subClassOf		
INFO	missing_superclass	SRPDIO:1000273	rdfs:subClassOf		
INFO	missing_superclass	SRPDIO:1000274	rdfs:subClassOf		
INFO	missing_superclass	SRPDIO:1000275	rdfs:subClassOf		
INFO	missing_superclass	SRPDIO:1000276	rdfs:subClassOf		
INFO	missing_superclass	SRPDIO:1000277	rdfs:subClassOf		
INFO	missing_superclass	SRPDIO:1000278	rdfs:subClassOf		
INFO	missing_superclass	SRPDIO:1000279	rdfs:subClassOf		
INFO	missing_superclass	SRPDIO:1000280	rdfs:subClassOf		
INFO	missing_superclass	SRPDIO:1000281	rdfs:subClassOf		
INFO	missing_superclass	SRPDIO:1000282	rdfs:subClassOf		
INFO	missing_superclass	SRPDIO:1000283	rdfs:subClassOf		
INFO	missing_superclass	SRPDIO:1000284	rdfs:subClassOf		
INFO	missing_superclass	SRPDIO:1500000	rdfs:subClassOf		
INFO	missing_superclass	SRPDIO:1500001	rdfs:subClassOf		
INFO	missing_superclass	SRPDIO:1500002	rdfs:subClassOf		
INFO	missing_superclass	SRPDIO:1500003	rdfs:subClassOf		
INFO	missing_superclass	SRPDIO:1500004	rdfs:subClassOf		
INFO	missing_superclass	SRPDIO:1500005	rdfs:subClassOf		
INFO	missing_superclass	SRPDIO:1500006	rdfs:subClassOf		
INFO	missing_superclass	SRPDIO:1500007	rdfs:subClassOf		
INFO	missing_superclass	SRPDIO:1500008	rdfs:subClassOf		
INFO	missing_superclass	SRPDIO:1500009	rdfs:subClassOf		
INFO	missing_superclass	SRPDIO:2000000	rdfs:subClassOf		
INFO	missing_superclass	SRPDIO:2000001	rdfs:subClassOf		
INFO	missing_superclass	SRPDIO:2000002	rdfs:subClassOf		
INFO	missing_superclass	SRPDIO:2000003	rdfs:subClassOf		
INFO	missing_superclass	SRPDIO:2000004	rdfs:subClassOf		
INFO	missing_superclass	SRPDIO:2000005	rdfs:subClassOf		
INFO	missing_superclass	SRPDIO:2000006	rdfs:subClassOf		
INFO	missing_superclass	SRPDIO:2000007	rdfs:subClassOf		
INFO	missing_superclass	SRPDIO:2000008	rdfs:subClassOf		
INFO	missing_superclass	SRPDIO:2000009	rdfs:subClassOf		
INFO	missing_superclass	SRPDIO:2000010	rdfs:subClassOf		
INFO	missing_superclass	SRPDIO:2000011	rdfs:subClassOf		
INFO	missing_superclass	SRPDIO:2000012	rdfs:subClassOf		
INFO	missing_superclass	SRPDIO:2000013	rdfs:subClassOf		
INFO	missing_superclass	SRPDIO:2000014	rdfs:subClassOf		
INFO	missing_superclass	SRPDIO:2000015	rdfs:subClassOf		
INFO	missing_superclass	SRPDIO:2000016	rdfs:subClassOf		
INFO	missing_superclass	SRPDIO:2000017	rdfs:subClassOf		
INFO	missing_superclass	SRPDIO:2000018	rdfs:subClassOf		
INFO	missing_superclass	SRPDIO:2000019	rdfs:subClassOf		
INFO	missing_superclass	SRPDIO:2000020	rdfs:subClassOf		
INFO	missing_superclass	SRPDIO:2000021	rdfs:subClassOf		
INFO	missing_superclass	SRPDIO:2000022	rdfs:subClassOf		
INFO	missing_superclass	SRPDIO:2000023	rdfs:subClassOf		
INFO	missing_superclass	SRPDIO:2000024	rdfs:subClassOf		
INFO	missing_superclass	SRPDIO:2000025	rdfs:subClassOf		
INFO	missing_superclass	SRPDIO:2000026	rdfs:subClassOf		
INFO	missing_superclass	SRPDIO:2000027	rdfs:subClassOf		
INFO	missing_superclass	SRPDIO:2000028	rdfs:subClassOf		
INFO	missing_superclass	SRPDIO:2000029	rdfs:subClassOf		
INFO	missing_superclass	SRPDIO:2000030	rdfs:subClassOf		
INFO	missing_superclass	SRPDIO:2000031	rdfs:subClassOf		
INFO	missing_superclass	SRPDIO:2000032	rdfs:subClassOf		
INFO	missing_superclass	SRPDIO:2000033	rdfs:subClassOf		
INFO	missing_superclass	SRPDIO:2000034	rdfs:subClassOf		
INFO	missing_superclass	SRPDIO:2000035	rdfs:subClassOf		
INFO	missing_superclass	SRPDIO:2000036	rdfs:subClassOf		
INFO	missing_superclass	SRPDIO:2000037	rdfs:subClassOf		
INFO	missing_superclass	SRPDIO:2000038	rdfs:subClassOf		
INFO	missing_superclass	SRPDIO:2000039	rdfs:subClassOf		
INFO	missing_superclass	SRPDIO:2000040	rdfs:subClassOf		
INFO	missing_superclass	SRPDIO:2000041	rdfs:subClassOf		
INFO	missing_superclass	SRPDIO:2000042	rdfs:subClassOf		
INFO	missing_superclass	SRPDIO:2000043	rdfs:subClassOf		
INFO	missing_superclass	SRPDIO:2000044	rdfs:subClassOf		
INFO	missing_superclass	SRPDIO:2000045	rdfs:subClassOf		
INFO	missing_superclass	SRPDIO:2000046	rdfs:subClassOf		
INFO	missing_superclass	SRPDIO:2000047	rdfs:subClassOf		
INFO	missing_superclass	SRPDIO:2000048	rdfs:subClassOf		
INFO	missing_superclass	SRPDIO:2000049	rdfs:subClassOf		
INFO	missing_superclass	SRPDIO:2000050	rdfs:subClassOf		
INFO	missing_superclass	SRPDIO:2000051	rdfs:subClassOf		
INFO	missing_superclass	SRPDIO:2000052	rdfs:subClassOf		
INFO	missing_superclass	SRPDIO:2000053	rdfs:subClassOf		
INFO	missing_superclass	SRPDIO:2000054	rdfs:subClassOf		
INFO	missing_superclass	SRPDIO:2000055	rdfs:subClassOf		
INFO	missing_superclass	SRPDIO:2000056	rdfs:subClassOf		
INFO	missing_superclass	SRPDIO:2000057	rdfs:subClassOf		
INFO	missing_superclass	SRPDIO:2000058	rdfs:subClassOf		
INFO	missing_superclass	SRPDIO:2000059	rdfs:subClassOf		
INFO	missing_superclass	SRPDIO:2000060	rdfs:subClassOf		
INFO	missing_superclass	SRPDIO:2000061	rdfs:subClassOf		
INFO	missing_superclass	SRPDIO:2000062	rdfs:subClassOf		
INFO	missing_superclass	SRPDIO:2000063	rdfs:subClassOf		
INFO	missing_superclass	SRPDIO:2000064	rdfs:subClassOf		
INFO	missing_superclass	SRPDIO:2000065	rdfs:subClassOf		
INFO	missing_superclass	SRPDIO:2000066	rdfs:subClassOf		
INFO	missing_superclass	SRPDIO:2000067	rdfs:subClassOf		
INFO	missing_superclass	SRPDIO:2000068	rdfs:subClassOf		
INFO	missing_superclass	SRPDIO:2000069	rdfs:subClassOf		
INFO	missing_superclass	SRPDIO:2000070	rdfs:subClassOf		
INFO	missing_superclass	SRPDIO:2000071	rdfs:subClassOf		
INFO	missing_superclass	SRPDIO:2000072	rdfs:subClassOf		
INFO	missing_superclass	SRPDIO:2000073	rdfs:subClassOf		
INFO	missing_superclass	SRPDIO:2000074	rdfs:subClassOf		
INFO	missing_superclass	SRPDIO:2000075	rdfs:subClassOf		
INFO	missing_superclass	SRPDIO:2000076	rdfs:subClassOf		
INFO	missing_superclass	SRPDIO:2000077	rdfs:subClassOf		
INFO	missing_superclass	SRPDIO:2000078	rdfs:subClassOf		
INFO	missing_superclass	SRPDIO:2000079	rdfs:subClassOf		
INFO	missing_superclass	SRPDIO:2000080	rdfs:subClassOf		
INFO	missing_superclass	SRPDIO:2000081	rdfs:subClassOf		
INFO	missing_superclass	SRPDIO:2000082	rdfs:subClassOf		
INFO	missing_superclass	SRPDIO:2000083	rdfs:subClassOf		
INFO	missing_superclass	SRPDIO:2000084	rdfs:subClassOf		
INFO	missing_superclass	SRPDIO:2000085	rdfs:subClassOf		
INFO	missing_superclass	SRPDIO:2000086	rdfs:subClassOf		
INFO	missing_superclass	SRPDIO:2000087	rdfs:subClassOf		
INFO	missing_superclass	SRPDIO:2000088	rdfs:subClassOf		
INFO	missing_superclass	SRPDIO:2000089	rdfs:subClassOf		
INFO	missing_superclass	SRPDIO:2000090	rdfs:subClassOf		
INFO	missing_superclass	SRPDIO:2000091	rdfs:subClassOf		
INFO	missing_superclass	SRPDIO:2000092	rdfs:subClassOf		
INFO	missing_superclass	SRPDIO:2000093	rdfs:subClassOf		
INFO	missing_superclass	SRPDIO:2000094	rdfs:subClassOf		
INFO	missing_superclass	SRPDIO:2000095	rdfs:subClassOf		
INFO	missing_superclass	SRPDIO:2000096	rdfs:subClassOf		
INFO	missing_superclass	SRPDIO:2000097	rdfs:subClassOf		
INFO	missing_superclass	SRPDIO:2000098	rdfs:subClassOf		
INFO	missing_superclass	SRPDIO:2000099	rdfs:subClassOf		
INFO	missing_superclass	SRPDIO:2000100	rdfs:subClassOf		
INFO	missing_superclass	SRPDIO:2000101	rdfs:subClassOf		
INFO	missing_superclass	SRPDIO:2000102	rdfs:subClassOf		
INFO	missing_superclass	SRPDIO:2000103	rdfs:subClassOf		
INFO	missing_superclass	SRPDIO:2000104	rdfs:subClassOf		
INFO	missing_superclass	SRPDIO:2000105	rdfs:subClassOf		
INFO	missing_superclass	SRPDIO:2000106	rdfs:subClassOf		
INFO	missing_superclass	SRPDIO:2000107	rdfs:subClassOf		
INFO	missing_superclass	SRPDIO:2000108	rdfs:subClassOf		
INFO	missing_superclass	SRPDIO:2000109	rdfs:subClassOf		
INFO	missing_superclass	SRPDIO:2000110	rdfs:subClassOf		
INFO	missing_superclass	SRPDIO:2000111	rdfs:subClassOf		
INFO	missing_superclass	SRPDIO:2000112	rdfs:subClassOf		
INFO	missing_superclass	SRPDIO:2000113	rdfs:subClassOf		
INFO	missing_superclass	SRPDIO:2000114	rdfs:subClassOf		
INFO	missing_superclass	SRPDIO:2000115	rdfs:subClassOf		
INFO	missing_superclass	SRPDIO:2000116	rdfs:subClassOf		
INFO	missing_superclass	SRPDIO:2000117	rdfs:subClassOf		
INFO	missing_superclass	SRPDIO:2000118	rdfs:subClassOf		
INFO	missing_superclass	SRPDIO:2000119	rdfs:subClassOf		
INFO	missing_superclass	SRPDIO:2000120	rdfs:subClassOf		
INFO	missing_superclass	SRPDIO:2000121	rdfs:subClassOf		
INFO	missing_superclass	SRPDIO:2000122	rdfs:subClassOf		
INFO	missing_superclass	SRPDIO:2000123	rdfs:subClassOf		
INFO	missing_superclass	SRPDIO:2000124	rdfs:subClassOf		
INFO	missing_superclass	SRPDIO:2000125	rdfs:subClassOf		
INFO	missing_superclass	SRPDIO:2000126	rdfs:subClassOf		
INFO	missing_superclass	SRPDIO:2000127	rdfs:subClassOf		
INFO	missing_superclass	SRPDIO:2000128	rdfs:subClassOf		
INFO	missing_superclass	SRPDIO:2000129	rdfs:subClassOf		
INFO	missing_superclass	SRPDIO:2000130	rdfs:subClassOf		
INFO	missing_superclass	SRPDIO:2000131	rdfs:subClassOf		
INFO	missing_superclass	SRPDIO:2000132	rdfs:subClassOf		
INFO	missing_superclass	SRPDIO:2000133	rdfs:subClassOf		
INFO	missing_superclass	SRPDIO:2000134	rdfs:subClassOf		
INFO	missing_superclass	SRPDIO:2000135	rdfs:subClassOf		
INFO	missing_superclass	SRPDIO:2000136	rdfs:subClassOf		
INFO	missing_superclass	SRPDIO:2000137	rdfs:subClassOf		
INFO	missing_superclass	SRPDIO:2000138	rdfs:subClassOf		
INFO	missing_superclass	SRPDIO:2000139	rdfs:subClassOf		
INFO	missing_superclass	SRPDIO:2000140	rdfs:subClassOf		
INFO	missing_superclass	SRPDIO:2000141	rdfs:subClassOf		
INFO	missing_superclass	SRPDIO:2000142	rdfs:subClassOf		
INFO	missing_superclass	SRPDIO:2000143	rdfs:subClassOf		
INFO	missing_superclass	SRPDIO:2000144	rdfs:subClassOf		
INFO	missing_superclass	SRPDIO:2000145	rdfs:subClassOf		
INFO	missing_superclass	SRPDIO:2000146	rdfs:subClassOf		
INFO	missing_superclass	SRPDIO:2000147	rdfs:subClassOf		
INFO	missing_superclass	SRPDIO:2000148	rdfs:subClassOf		
INFO	missing_superclass	SRPDIO:2000149	rdfs:subClassOf		
INFO	missing_superclass	SRPDIO:2000150	rdfs:subClassOf		
INFO	missing_superclass	SRPDIO:2000151	rdfs:subClassOf		
INFO	missing_superclass	SRPDIO:2000152	rdfs:subClassOf		
INFO	missing_superclass	SRPDIO:2000153	rdfs:subClassOf		
INFO	missing_superclass	SRPDIO:2000154	rdfs:subClassOf		
INFO	missing_superclass	SRPDIO:2000155	rdfs:subClassOf		
INFO	missing_superclass	SRPDIO:2000156	rdfs:subClassOf		
INFO	missing_superclass	SRPDIO:2000157	rdfs:subClassOf		
INFO	missing_superclass	SRPDIO:2000158	rdfs:subClassOf		
INFO	missing_superclass	SRPDIO:2000159	rdfs:subClassOf		
INFO	missing_superclass	SRPDIO:2000160	rdfs:subClassOf		
INFO	missing_superclass	SRPDIO:2000161	rdfs:subClassOf		
INFO	missing_superclass	SRPDIO:2000162	rdfs:subClassOf		
INFO	missing_superclass	SRPDIO:2000163	rdfs:subClassOf		
INFO	missing_superclass	SRPDIO:2000164	rdfs:subClassOf		
INFO	missing_superclass	SRPDIO:2000165	rdfs:subClassOf		
INFO	missing_superclass	SRPDIO:2000166	rdfs:subClassOf		
INFO	missing_superclass	SRPDIO:2000167	rdfs:subClassOf		
INFO	missing_superclass	SRPDIO:2000168	rdfs:subClassOf		
INFO	missing_superclass	SRPDIO:2000169	rdfs:subClassOf		
INFO	missing_superclass	SRPDIO:2000170	rdfs:subClassOf		
INFO	missing_superclass	SRPDIO:2000171	rdfs:subClassOf		
INFO	missing_superclass	SRPDIO:2000172	rdfs:subClassOf		
INFO	missing_superclass	SRPDIO:2000173	rdfs:subClassOf		
INFO	missing_superclass	SRPDIO:2000174	rdfs:subClassOf		
INFO	missing_superclass	SRPDIO:2000175	rdfs:subClassOf		
INFO	missing_superclass	SRPDIO:2000176	rdfs:subClassOf		
INFO	missing_superclass	SRPDIO:2000177	rdfs:subClassOf		
INFO	missing_superclass	SRPDIO:2000178	rdfs:subClassOf		
INFO	missing_superclass	SRPDIO:2000179	rdfs:subClassOf		
INFO	missing_superclass	SRPDIO:2000180	rdfs:subClassOf		
INFO	missing_superclass	SRPDIO:2000181	rdfs:subClassOf		
INFO	missing_superclass	SRPDIO:2000182	rdfs:subClassOf		
INFO	missing_superclass	SRPDIO:2000183	rdfs:subClassOf		
INFO	missing_superclass	SRPDIO:2000184	rdfs:subClassOf		
INFO	missing_superclass	SRPDIO:2000185	rdfs:subClassOf		
INFO	missing_superclass	SRPDIO:2000186	rdfs:subClassOf		
INFO	missing_superclass	SRPDIO:2000187	rdfs:subClassOf		
INFO	missing_superclass	SRPDIO:2000188	rdfs:subClassOf		
INFO	missing_superclass	SRPDIO:2000189	rdfs:subClassOf		
INFO	missing_superclass	SRPDIO:2000190	rdfs:subClassOf		
INFO	missing_superclass	SRPDIO:2000191	rdfs:subClassOf		
INFO	missing_superclass	SRPDIO:2000192	rdfs:subClassOf		
INFO	missing_superclass	SRPDIO:2000193	rdfs:subClassOf		
INFO	missing_superclass	SRPDIO:2000194	rdfs:subClassOf		
INFO	missing_superclass	SRPDIO:2000195	rdfs:subClassOf		
INFO	missing_superclass	SRPDIO:2000196	rdfs:subClassOf		
INFO	missing_superclass	SRPDIO:2000197	rdfs:subClassOf		
INFO	missing_superclass	SRPDIO:2000198	rdfs:subClassOf		
INFO	missing_superclass	SRPDIO:2000199	rdfs:subClassOf		
INFO	missing_superclass	SRPDIO:2000200	rdfs:subClassOf		
INFO	missing_superclass	SRPDIO:2000201	rdfs:subClassOf		
INFO	missing_superclass	SRPDIO:2000202	rdfs:subClassOf		
INFO	missing_superclass	SRPDIO:2000203	rdfs:subClassOf		
INFO	missing_superclass	SRPDIO:2000204	rdfs:subClassOf		
INFO	missing_superclass	SRPDIO:2000205	rdfs:subClassOf		
INFO	missing_superclass	SRPDIO:2000206	rdfs:subClassOf		
INFO	missing_superclass	SRPDIO:2000207	rdfs:subClassOf		
INFO	missing_superclass	SRPDIO:2000208	rdfs:subClassOf		
INFO	missing_superclass	SRPDIO:2000209	rdfs:subClassOf		
INFO	missing_superclass	SRPDIO:2000210	rdfs:subClassOf		
INFO	missing_superclass	SRPDIO:2000211	rdfs:subClassOf		
INFO	missing_superclass	SRPDIO:2000212	rdfs:subClassOf		
INFO	missing_superclass	SRPDIO:2000213	rdfs:subClassOf		
INFO	missing_superclass	SRPDIO:2000214	rdfs:subClassOf		
INFO	missing_superclass	SRPDIO:2000215	rdfs:subClassOf		
INFO	missing_superclass	SRPDIO:2000216	rdfs:subClassOf		
INFO	missing_superclass	SRPDIO:2000217	rdfs:subClassOf		
INFO	missing_superclass	SRPDIO:2000218	rdfs:subClassOf		
INFO	missing_superclass	SRPDIO:2000219	rdfs:subClassOf		
INFO	missing_superclass	SRPDIO:2000220	rdfs:subClassOf		
INFO	missing_superclass	SRPDIO:2000221	rdfs:subClassOf		
INFO	missing_superclass	SRPDIO:2000222	rdfs:subClassOf		
INFO	missing_superclass	SRPDIO:2000223	rdfs:subClassOf		
INFO	missing_superclass	SRPDIO:2000224	rdfs:subClassOf		
INFO	missing_superclass	SRPDIO:2000225	rdfs:subClassOf		
INFO	missing_superclass	SRPDIO:2000226	rdfs:subClassOf		
INFO	missing_superclass	SRPDIO:2000227	rdfs:subClassOf		
INFO	missing_superclass	SRPDIO:2000228	rdfs:subClassOf		
INFO	missing_superclass	SRPDIO:2000229	rdfs:subClassOf		
INFO	missing_superclass	SRPDIO:2000230	rdfs:subClassOf		
INFO	missing_superclass	SRPDIO:2000231	rdfs:subClassOf		
INFO	missing_superclass	SRPDIO:2000232	rdfs:subClassOf		
INFO	missing_superclass	SRPDIO:2000233	rdfs:subClassOf		
INFO	missing_superclass	SRPDIO:2000234	rdfs:subClassOf		
INFO	missing_superclass	SRPDIO:2000235	rdfs:subClassOf		
INFO	missing_superclass	SRPDIO:2000236	rdfs:subClassOf		
INFO	missing_superclass	SRPDIO:2000237	rdfs:subClassOf		
INFO	missing_superclass	SRPDIO:2000238	rdfs:subClassOf		
INFO	missing_superclass	SRPDIO:2000239	rdfs:subClassOf		
INFO	missing_superclass	SRPDIO:2000240	rdfs:subClassOf		
INFO	missing_superclass	SRPDIO:2000241	rdfs:subClassOf		
INFO	missing_superclass	SRPDIO:2000242	rdfs:subClassOf		
INFO	missing_superclass	SRPDIO:2000243	rdfs:subClassOf		
INFO	missing_superclass	SRPDIO:2000244	rdfs:subClassOf		
INFO	missing_superclass	SRPDIO:2000245	rdfs:subClassOf		
INFO	missing_superclass	SRPDIO:2000246	rdfs:subClassOf		
INFO	missing_superclass	SRPDIO:2000247	rdfs:subClassOf		
INFO	missing_superclass	SRPDIO:2000248	rdfs:subClassOf		
INFO	missing_superclass	SRPDIO:2000249	rdfs:subClassOf		
INFO	missing_superclass	SRPDIO:2000250	rdfs:subClassOf		
INFO	missing_superclass	SRPDIO:2000251	rdfs:subClassOf		
INFO	missing_superclass	SRPDIO:2000252	rdfs:subClassOf		
INFO	missing_superclass	SRPDIO:2000253	rdfs:subClassOf		
INFO	missing_superclass	SRPDIO:2000254	rdfs:subClassOf		
INFO	missing_superclass	SRPDIO:2000255	rdfs:subClassOf		
INFO	missing_superclass	SRPDIO:2000256	rdfs:subClassOf		
INFO	missing_superclass	SRPDIO:2000257	rdfs:subClassOf		
INFO	missing_superclass	SRPDIO:2000258	rdfs:subClassOf		
INFO	missing_superclass	SRPDIO:2000259	rdfs:subClassOf		
INFO	missing_superclass	SRPDIO:2000260	rdfs:subClassOf		
INFO	missing_superclass	SRPDIO:2000261	rdfs:subClassOf		
INFO	missing_superclass	SRPDIO:2000262	rdfs:subClassOf		
INFO	missing_superclass	SRPDIO:2000263	rdfs:subClassOf		
INFO	missing_superclass	SRPDIO:2000264	rdfs:subClassOf		
INFO	missing_superclass	SRPDIO:2000265	rdfs:subClassOf		
INFO	missing_superclass	SRPDIO:2000266	rdfs:subClassOf		
INFO	missing_superclass	SRPDIO:2000267	rdfs:subClassOf		
INFO	missing_superclass	SRPDIO:2000268	rdfs:subClassOf		
INFO	missing_superclass	SRPDIO:2000269	rdfs:subClassOf		
INFO	missing_superclass	SRPDIO:2000270	rdfs:subClassOf		
INFO	missing_superclass	SRPDIO:2000271	rdfs:subClassOf		
INFO	missing_superclass	SRPDIO:2000272	rdfs:subClassOf		
INFO	missing_superclass	SRPDIO:2000273	rdfs:subClassOf		
INFO	missing_superclass	SRPDIO:2000274	rdfs:subClassOf		
INFO	missing_superclass	SRPDIO:2000275	rdfs:subClassOf		
INFO	missing_superclass	SRPDIO:2000276	rdfs:subClassOf		
INFO	missing_superclass	SRPDIO:2000277	rdfs:subClassOf		
INFO	missing_superclass	SRPDIO:2000278	rdfs:subClassOf		
INFO	missing_superclass	SRPDIO:2000279	rdfs:subClassOf		
INFO	missing_superclass	SRPDIO:2000280	rdfs:subClassOf		
INFO	missing_superclass	SRPDIO:2000281	rdfs:subClassOf		
INFO	missing_superclass	SRPDIO:2000282	rdfs:subClassOf		
INFO	missing_superclass	SRPDIO:2000283	rdfs:subClassOf		
INFO	missing_superclass	SRPDIO:2000284	rdfs:subClassOf		
INFO	missing_superclass	SRPDIO:2000285	rdfs:subClassOf		
INFO	missing_superclass	SRPDIO:2000286	rdfs:subClassOf		
INFO	missing_superclass	SRPDIO:2000287	rdfs:subClassOf		
INFO	missing_superclass	SRPDIO:2000288	rdfs:subClassOf		
INFO	missing_superclass	SRPDIO:2000289	rdfs:subClassOf		
INFO	missing_superclass	SRPDIO:2000290	rdfs:subClassOf		
INFO	missing_superclass	SRPDIO:2000291	rdfs:subClassOf		
INFO	missing_superclass	SRPDIO:2000292	rdfs:subClassOf		
INFO	missing_superclass	SRPDIO:2000293	rdfs:subClassOf		
INFO	missing_superclass	SRPDIO:2000294	rdfs:subClassOf		
INFO	missing_superclass	SRPDIO:2000295	rdfs:subClassOf		
INFO	missing_superclass	SRPDIO:2000296	rdfs:subClassOf		
INFO	missing_superclass	SRPDIO:2000297	rdfs:subClassOf		
INFO	missing_superclass	SRPDIO:2000298	rdfs:subClassOf		
INFO	missing_superclass	SRPDIO:2000299	rdfs:subClassOf		
INFO	missing_superclass	SRPDIO:2000300	rdfs:subClassOf		
INFO	missing_superclass	SRPDIO:2000301	rdfs:subClassOf		
INFO	missing_superclass	SRPDIO:2000302	rdfs:subClassOf		
INFO	missing_superclass	SRPDIO:2000303	rdfs:subClassOf		
INFO	missing_superclass	SRPDIO:2000304	rdfs:subClassOf		
INFO	missing_superclass	SRPDIO:2000305	rdfs:subClassOf		
INFO	missing_superclass	SRPDIO:2000306	rdfs:subClassOf		
INFO	missing_superclass	SRPDIO:2000307	rdfs:subClassOf		
INFO	missing_superclass	SRPDIO:2000308	rdfs:subClassOf		
INFO	missing_superclass	SRPDIO:2000309	rdfs:subClassOf		
INFO	missing_superclass	SRPDIO:2000310	rdfs:subClassOf		
INFO	missing_superclass	SRPDIO:2000311	rdfs:subClassOf		
INFO	missing_superclass	SRPDIO:2000312	rdfs:subClassOf		
INFO	missing_superclass	SRPDIO:2000313	rdfs:subClassOf		
INFO	missing_superclass	SRPDIO:2000314	rdfs:subClassOf		
INFO	missing_superclass	SRPDIO:2000315	rdfs:subClassOf		
INFO	missing_superclass	SRPDIO:2000316	rdfs:subClassOf		
INFO	missing_superclass	SRPDIO:2000317	rdfs:subClassOf		
INFO	missing_superclass	SRPDIO:2000318	rdfs:subClassOf		
INFO	missing_superclass	SRPDIO:2000319	rdfs:subClassOf		
INFO	missing_superclass	SRPDIO:2000320	rdfs:subClassOf		
INFO	missing_superclass	SRPDIO:2000321	rdfs:subClassOf		
INFO	missing_superclass	SRPDIO:2000322	rdfs:subClassOf		
INFO	missing_superclass	SRPDIO:2000323	rdfs:subClassOf		
INFO	missing_superclass	SRPDIO:2000324	rdfs:subClassOf		
INFO	missing_superclass	SRPDIO:2000325	rdfs:subClassOf		
INFO	missing_superclass	SRPDIO:2000326	rdfs:subClassOf		
INFO	missing_superclass	SRPDIO:2000327	rdfs:subClassOf		
INFO	missing_superclass	SRPDIO:2000328	rdfs:subClassOf		
INFO	missing_superclass	SRPDIO:2000329	rdfs:subClassOf		
INFO	missing_superclass	SRPDIO:2000330	rdfs:subClassOf		
INFO	missing_superclass	SRPDIO:2000331	rdfs:subClassOf		
INFO	missing_superclass	SRPDIO:2000332	rdfs:subClassOf		
INFO	missing_superclass	SRPDIO:2000333	rdfs:subClassOf		
INFO	missing_superclass	SRPDIO:2000334	rdfs:subClassOf		
INFO	missing_superclass	SRPDIO:2000335	rdfs:subClassOf		
INFO	missing_superclass	SRPDIO:2000336	rdfs:subClassOf		
INFO	missing_superclass	SRPDIO:2000337	rdfs:subClassOf		
INFO	missing_superclass	SRPDIO:2000338	rdfs:subClassOf		
INFO	missing_superclass	SRPDIO:2000339	rdfs:subClassOf		
INFO	missing_superclass	SRPDIO:2000340	rdfs:subClassOf		
INFO	missing_superclass	SRPDIO:2000341	rdfs:subClassOf		
INFO	missing_superclass	SRPDIO:2000342	rdfs:subClassOf		
INFO	missing_superclass	SRPDIO:2000343	rdfs:subClassOf		
INFO	missing_superclass	SRPDIO:2000344	rdfs:subClassOf		
INFO	missing_superclass	SRPDIO:2000345	rdfs:subClassOf		
INFO	missing_superclass	SRPDIO:2000346	rdfs:subClassOf		
INFO	missing_superclass	SRPDIO:2000347	rdfs:subClassOf		
INFO	missing_superclass	SRPDIO:2000348	rdfs:subClassOf		
INFO	missing_superclass	SRPDIO:2000349	rdfs:subClassOf		
INFO	missing_superclass	SRPDIO:2000350	rdfs:subClassOf		
INFO	missing_superclass	SRPDIO:2000351	rdfs:subClassOf		
INFO	missing_superclass	SRPDIO:2000352	rdfs:subClassOf		
INFO	missing_superclass	SRPDIO:2000353	rdfs:subClassOf		
INFO	missing_superclass	SRPDIO:2000354	rdfs:subClassOf		
INFO	missing_superclass	SRPDIO:2000355	rdfs:subClassOf		
INFO	missing_superclass	SRPDIO:2000356	rdfs:subClassOf		
INFO	missing_superclass	SRPDIO:2000357	rdfs:subClassOf		
INFO	missing_superclass	SRPDIO:2000358	rdfs:subClassOf		
INFO	missing_superclass	SRPDIO:2000359	rdfs:subClassOf		
INFO	missing_superclass	SRPDIO:2000360	rdfs:subClassOf		
INFO	missing_superclass	SRPDIO:2000361	rdfs:subClassOf		
INFO	missing_superclass	SRPDIO:2000362	rdfs:subClassOf		
INFO	missing_superclass	SRPDIO:2000363	rdfs:subClassOf		
INFO	missing_superclass	SRPDIO:2000364	rdfs:subClassOf		
INFO	missing_superclass	SRPDIO:2000365	rdfs:subClassOf		
INFO	missing_superclass	SRPDIO:2000366	rdfs:subClassOf		
INFO	missing_superclass	SRPDIO:2000367	rdfs:subClassOf		
INFO	missing_superclass	SRPDIO:2000368	rdfs:subClassOf		
INFO	missing_superclass	SRPDIO:2000369	rdfs:subClassOf		
INFO	missing_superclass	SRPDIO:2000370	rdfs:subClassOf		
INFO	missing_superclass	SRPDIO:2000371	rdfs:subClassOf		
INFO	missing_superclass	SRPDIO:2000372	rdfs:subClassOf		
INFO	missing_superclass	SRPDIO:2000373	rdfs:subClassOf		
INFO	missing_superclass	SRPDIO:2000374	rdfs:subClassOf		
INFO	missing_superclass	SRPDIO:2000375	rdfs:subClassOf		
INFO	missing_superclass	SRPDIO:2000376	rdfs:subClassOf		
INFO	missing_superclass	SRPDIO:2000377	rdfs:subClassOf		
INFO	missing_superclass	SRPDIO:2000378	rdfs:subClassOf		
INFO	missing_superclass	SRPDIO:2000379	rdfs:subClassOf		
INFO	missing_superclass	SRPDIO:2000380	rdfs:subClassOf		
INFO	missing_superclass	SRPDIO:2000381	rdfs:subClassOf		
INFO	missing_superclass	SRPDIO:2000382	rdfs:subClassOf		
INFO	missing_superclass	SRPDIO:2000383	rdfs:subClassOf		
INFO	missing_superclass	SRPDIO:2000384	rdfs:subClassOf		
INFO	missing_superclass	SRPDIO:2000385	rdfs:subClassOf		
INFO	missing_superclass	SRPDIO:2000386	rdfs:subClassOf		
INFO	missing_superclass	SRPDIO:2000387	rdfs:subClassOf		
INFO	missing_superclass	SRPDIO:2000388	rdfs:subClassOf		
INFO	missing_superclass	SRPDIO:2000389	rdfs:subClassOf		
INFO	missing_superclass	SRPDIO:2000390	rdfs:subClassOf		
INFO	missing_superclass	SRPDIO:2000391	rdfs:subClassOf		
INFO	missing_superclass	SRPDIO:2000392	rdfs:subClassOf		
INFO	missing_superclass	SRPDIO:2000393	rdfs:subClassOf		
INFO	missing_superclass	SRPDIO:2000394	rdfs:subClassOf		
INFO	missing_superclass	SRPDIO:2000395	rdfs:subClassOf		
INFO	missing_superclass	SRPDIO:2000396	rdfs:subClassOf		
INFO	missing_superclass	SRPDIO:2000397	rdfs:subClassOf		
INFO	missing_superclass	SRPDIO:2000398	rdfs:subClassOf		
INFO	missing_superclass	SRPDIO:2000399	rdfs:subClassOf		
INFO	missing_superclass	SRPDIO:2000400	rdfs:subClassOf		
INFO	missing_superclass	SRPDIO:2000401	rdfs:subClassOf		
INFO	missing_superclass	SRPDIO:2000402	rdfs:subClassOf		
INFO	missing_superclass	SRPDIO:2000403	rdfs:subClassOf		
INFO	missing_superclass	SRPDIO:2000404	rdfs:subClassOf		
INFO	missing_superclass	SRPDIO:2000405	rdfs:subClassOf		
INFO	missing_superclass	SRPDIO:2000406	rdfs:subClassOf		
INFO	missing_superclass	SRPDIO:2000407	rdfs:subClassOf		
INFO	missing_superclass	SRPDIO:2000408	rdfs:subClassOf		
INFO	missing_superclass	SRPDIO:2000409	rdfs:subClassOf		
INFO	missing_superclass	SRPDIO:2000410	rdfs:subClassOf		
INFO	missing_superclass	SRPDIO:2000411	rdfs:subClassOf		
INFO	missing_superclass	SRPDIO:2000412	rdfs:subClassOf		
INFO	missing_superclass	SRPDIO:2000413	rdfs:subClassOf		
INFO	missing_superclass	SRPDIO:2000414	rdfs:subClassOf		
INFO	missing_superclass	SRPDIO:2000415	rdfs:subClassOf		
INFO	missing_superclass	SRPDIO:2000416	rdfs:subClassOf		
INFO	missing_superclass	SRPDIO:2000417	rdfs:subClassOf		
INFO	missing_superclass	SRPDIO:2000418	rdfs:subClassOf		
INFO	missing_superclass	SRPDIO:2000419	rdfs:subClassOf		
INFO	missing_superclass	SRPDIO:2000420	rdfs:subClassOf		
INFO	missing_superclass	SRPDIO:2000421	rdfs:subClassOf		
INFO	missing_superclass	SRPDIO:2000422	rdfs:subClassOf		
INFO	missing_superclass	SRPDIO:2000423	rdfs:subClassOf		
INFO	missing_superclass	SRPDIO:2000424	rdfs:subClassOf		
INFO	missing_superclass	SRPDIO:2000425	rdfs:subClassOf		
INFO	missing_superclass	SRPDIO:2000426	rdfs:subClassOf		
INFO	missing_superclass	SRPDIO:2000427	rdfs:subClassOf		
INFO	missing_superclass	SRPDIO:2000428	rdfs:subClassOf		
INFO	missing_superclass	SRPDIO:2000429	rdfs:subClassOf		
INFO	missing_superclass	SRPDIO:2000430	rdfs:subClassOf		
INFO	missing_superclass	SRPDIO:2000431	rdfs:subClassOf		
INFO	missing_superclass	SRPDIO:2000432	rdfs:subClassOf		
INFO	missing_superclass	SRPDIO:2000433	rdfs:subClassOf		
INFO	missing_superclass	SRPDIO:2000434	rdfs:subClassOf		
INFO	missing_superclass	SRPDIO:2000435	rdfs:subClassOf		
INFO	missing_superclass	SRPDIO:2000436	rdfs:subClassOf		
INFO	missing_superclass	SRPDIO:2000437	rdfs:subClassOf		
INFO	missing_superclass	SRPDIO:2000438	rdfs:subClassOf		
INFO	missing_superclass	SRPDIO:2000439	rdfs:subClassOf		
INFO	missing_superclass	SRPDIO:2000440	rdfs:subClassOf		
INFO	missing_superclass	SRPDIO:2000441	rdfs:subClassOf		
INFO	missing_superclass	SRPDIO:2000442	rdfs:subClassOf		
INFO	missing_superclass	SRPDIO:2000443	rdfs:subClassOf		
INFO	missing_superclass	SRPDIO:2000444	rdfs:subClassOf		
INFO	missing_superclass	SRPDIO:2000445	rdfs:subClassOf		
INFO	missing_superclass	SRPDIO:2000446	rdfs:subClassOf		
INFO	missing_superclass	SRPDIO:2000447	rdfs:subClassOf		
INFO	missing_superclass	SRPDIO:2000448	rdfs:subClassOf		
INFO	missing_superclass	SRPDIO:2000449	rdfs:subClassOf		
INFO	missing_superclass	SRPDIO:2000450	rdfs:subClassOf		
INFO	missing_superclass	SRPDIO:2000451	rdfs:subClassOf		
INFO	missing_superclass	SRPDIO:2000452	rdfs:subClassOf		
INFO	missing_superclass	SRPDIO:2000453	rdfs:subClassOf		
INFO	missing_superclass	SRPDIO:2000454	rdfs:subClassOf		
INFO	missing_superclass	SRPDIO:2000455	rdfs:subClassOf		
INFO	missing_superclass	SRPDIO:2000456	rdfs:subClassOf		
INFO	missing_superclass	SRPDIO:2000457	rdfs:subClassOf		
INFO	missing_superclass	SRPDIO:2000458	rdfs:subClassOf		
INFO	missing_superclass	SRPDIO:2000459	rdfs:subClassOf		
