Source,SourceDefinition,OriginalLabel,OntologyLabel
waterquality,Concentration of Aluminum in water,Aluminum,
waterquality,Concentration of Barium in water,Barium,
waterquality,Concentration of Beryllium in water,Beryllium,
waterquality,Concentration of Cadmium in water,Cadmium,
waterquality,Concentration of Calcium in water,Calcium,
waterquality,Concentration of Chromium in water,Chromium,
waterquality,Concentration of Cobalt in water,Cobalt,
waterquality,Concentration of Copper in water,Copper,
waterquality,Concentration of Iron in water,Iron,
waterquality,Concentration of Lead in water,Lead,
waterquality,Concentration of Magnesium in water,Magnesium,
waterquality,Concentration of Manganese in water,Manganese,
waterquality,Concentration of Mercury in water,Mercury,
waterquality,Concentration of Molybdenum in water,Molybdenum,
waterquality,Concentration of Nickel in water,Nickel,
waterquality,Concentration of Potassium in water,Potassium,
waterquality,Concentration of Silver in water,Silver,
waterquality,Concentration of Sodium adsorption ratio [(Na)/(sq root of 1/2 Ca + Mg)] in water,Sodium adsorption ratio [(Na)/(sq root of 1/2 Ca + Mg)],
waterquality,Concentration of Sodium in water,Sodium,
waterquality,"Concentration of Sodium, percent total cations in water","Sodium, percent total cations",
waterquality,Concentration of Strontium in water,Strontium,
waterquality,Concentration of Thallium in water,Thallium,
waterquality,Concentration of Vanadium in water,Vanadium,
waterquality,Concentration of Zinc in water,Zinc,
usgs,Concentration of al,al,
usgs,Concentration of as,as,
usgs,Concentration of ba,ba,
usgs,Concentration of be,be,
usgs,Concentration of bi,bi,
usgs,Concentration of ca,ca,
usgs,Concentration of cd,cd,
usgs,Concentration of ce,ce,
usgs,Concentration of co,co,
usgs,Concentration of cr,cr,
usgs,Concentration of cs,cs,
usgs,Concentration of cu,cu,
usgs,Concentration of fe,fe,
usgs,Concentration of ga,ga,
usgs,Concentration of hg,hg,
usgs,Concentration of in,in,
usgs,Concentration of k,k,
usgs,Concentration of la,la,
usgs,Concentration of li,li,
usgs,Concentration of mg,mg,
usgs,Concentration of mn,mn,
usgs,Concentration of mo,mo,
usgs,Concentration of na,na,
usgs,Concentration of nb,nb,
usgs,Concentration of ni,ni,
usgs,Concentration of p,p,
usgs,Concentration of pb,pb,
usgs,Concentration of rb,rb,
usgs,Concentration of s,s,
usgs,Concentration of sb,sb,
usgs,Concentration of sc,sc,
usgs,Concentration of se,se,
usgs,Concentration of sn,sn,
usgs,Concentration of sr,sr,
usgs,Concentration of te,te,
usgs,Concentration of th,th,
usgs,Concentration of ti,ti,
usgs,Concentration of tl,tl,
usgs,Concentration of u,u,
usgs,Concentration of v,v,
usgs,Concentration of w,w,
usgs,Concentration of y,y,
usgs,Concentration of zn,zn,
grplant,Brassica Vegetables,aluminum,
grplant,Bulb Vegetables,aluminum,
grplant,Fruiting Vegetables,aluminum,
grplant,Herbs,aluminum,
grplant,Leafy,aluminum,
grplant,Legumes,aluminum,
grplant,Other,aluminum,
grplant,Root and Tuber Vegetables,aluminum,
grplant,,arsenic,
grplant,Brassica Vegetables,arsenic,
grplant,Bulb Vegetables,arsenic,
grplant,Fruiting Vegetables,arsenic,
grplant,Fruits,arsenic,
grplant,Herbs,arsenic,
grplant,Leafy,arsenic,
grplant,Legumes,arsenic,
grplant,Other,arsenic,
grplant,Root and Tuber Vegetables,arsenic,
grplant,,barium,
grplant,Brassica Vegetables,barium,
grplant,Bulb Vegetables,barium,
grplant,Fruiting Vegetables,barium,
grplant,Fruits,barium,
grplant,Herbs,barium,
grplant,Leafy,barium,
grplant,Legumes,barium,
grplant,Other,barium,
grplant,Root and Tuber Vegetables,barium,
grplant,,beryllium,
grplant,Brassica Vegetables,beryllium,
grplant,Bulb Vegetables,beryllium,
grplant,Fruiting Vegetables,beryllium,
grplant,Fruits,beryllium,
grplant,Herbs,beryllium,
grplant,Leafy,beryllium,
grplant,Legumes,beryllium,
grplant,Other,beryllium,
grplant,Root and Tuber Vegetables,beryllium,
grplant,,cadmium,
grplant,Brassica Vegetables,cadmium,
grplant,Bulb Vegetables,cadmium,
grplant,Fruiting Vegetables,cadmium,
grplant,Fruits,cadmium,
grplant,Herbs,cadmium,
grplant,Leafy,cadmium,
grplant,Legumes,cadmium,
grplant,Other,cadmium,
grplant,Root and Tuber Vegetables,cadmium,
grplant,,chromium,
grplant,Brassica Vegetables,chromium,
grplant,Bulb Vegetables,chromium,
grplant,Fruiting Vegetables,chromium,
grplant,Fruits,chromium,
grplant,Herbs,chromium,
grplant,Leafy,chromium,
grplant,Legumes,chromium,
grplant,Other,chromium,
grplant,Root and Tuber Vegetables,chromium,
grplant,,copper,
grplant,Brassica Vegetables,copper,
grplant,Bulb Vegetables,copper,
grplant,Fruiting Vegetables,copper,
grplant,Fruits,copper,
grplant,Herbs,copper,
grplant,Leafy,copper,
grplant,Legumes,copper,
grplant,Other,copper,
grplant,Root and Tuber Vegetables,copper,
grplant,,lead,
grplant,Brassica Vegetables,lead,
grplant,Bulb Vegetables,lead,
grplant,Fruiting Vegetables,lead,
grplant,Fruits,lead,
grplant,Herbs,lead,
grplant,Leafy,lead,
grplant,Legumes,lead,
grplant,Other,lead,
grplant,Root and Tuber Vegetables,lead,
grplant,,manganese,
grplant,Brassica Vegetables,manganese,
grplant,Bulb Vegetables,manganese,
grplant,Fruiting Vegetables,manganese,
grplant,Fruits,manganese,
grplant,Herbs,manganese,
grplant,Leafy,manganese,
grplant,Legumes,manganese,
grplant,Other,manganese,
grplant,Root and Tuber Vegetables,manganese,
grplant,,nickel,
grplant,Brassica Vegetables,nickel,
grplant,Bulb Vegetables,nickel,
grplant,Fruiting Vegetables,nickel,
grplant,Fruits,nickel,
grplant,Herbs,nickel,
grplant,Leafy,nickel,
grplant,Legumes,nickel,
grplant,Other,nickel,
grplant,Root and Tuber Vegetables,nickel,
grplant,,zinc,
grplant,Brassica Vegetables,zinc,
grplant,Bulb Vegetables,zinc,
grplant,Fruiting Vegetables,zinc,
grplant,Fruits,zinc,
grplant,Herbs,zinc,
grplant,Leafy,zinc,
grplant,Legumes,zinc,
grplant,Other,zinc,
grplant,Root and Tuber Vegetables,zinc,
grsoil,Garden Soil,aluminum,
grsoil,Yard Soil,aluminum,
grsoil,Garden Soil,arsenic,
grsoil,Yard Soil,arsenic,
grsoil,Garden Soil,barium,
grsoil,Yard Soil,barium,
grsoil,Garden Soil,beryllium,
grsoil,Yard Soil,beryllium,
grsoil,Garden Soil,cadmium,
grsoil,Yard Soil,cadmium,
grsoil,Garden Soil,chromium,
grsoil,Yard Soil,chromium,
grsoil,Garden Soil,copper,
grsoil,Yard Soil,copper,
grsoil,Garden Soil,lead,
grsoil,Yard Soil,lead,
grsoil,Garden Soil,manganese,
grsoil,Yard Soil,manganese,
grsoil,Garden Soil,nickel,
grsoil,Yard Soil,nickel,
grsoil,Garden Soil,zinc,
grsoil,Yard Soil,zinc,
ejscreen,Population age 25 and above,ACSEDUCBAS,
ejscreen,Persons for whom income status has been determined,ACSIPOVBAS,
ejscreen,Households,ACSTOTHH,
ejscreen,Housing Units,ACSTOTHU,
ejscreen,Total Population,ACSTOTPOP,
ejscreen,Land Area in square meters,AREALAND,
ejscreen,Water Area in square meters,AREAWATER,
ejscreen,Bin NATA Cancer Risk,B_CANCR,
ejscreen,Bin Air Toxics Cancer Risk--Primary EJ Index based on Primary 2-factor Demographics,B_CANCR_D2,
ejscreen,Bin NATA Diesel Particulate Matter,B_DSLPM,
ejscreen,Bin Diesel Particulate Matter Level in Ai--Primary EJ Index based on Primary 2-factor Demographics,B_DSLPM_D2,
ejscreen,Bin Pct. Housing Units Built Prior to 1960 (lead paint indicator),B_LDPNT,
ejscreen,Bin Lead Paint Indicator (Pct. Pre-1960)--Primary EJ Index based on Primary 2-factor Demographics,B_LDPNT_D2,
ejscreen,Bin Pct. Less than High School Education,B_LESHSPCT,
ejscreen,Bin Pct. Linguistically Isolated,B_LNGISPCT,
ejscreen,Bin Pct. Low Income (<2x poverty level),B_LWINCPCT,
ejscreen,Bin Pct. Minority Population,B_MINORPCT,
ejscreen,Bin Pct. Over Age 64,B_OVR64PCT,
ejscreen,Bin Ozone Concentration Score,B_OZONE,
ejscreen,Bin Ozone Level in Air--Primary EJ Index based on Primary 2-factor Demographics,B_OZONE_D2,
ejscreen,Bin PM 2.5 Concentration Score,B_PM25,
ejscreen,Bin PM 2.5 Level in Air--Primary EJ Index based on Primary 2-factor Demographics,B_PM25_D2,
ejscreen,Bin Superfund Proximity,B_PNPL,
ejscreen,Bin NPL Facility Proximity--Primary EJ Index based on Primary 2-factor Demographics,B_PNPL_D2,
ejscreen,Bin RMP Proximity,B_PRMP,
ejscreen,Bin RMP Facility Proximity--Primary EJ Index based on Primary 2-factor Demographics,B_PRMP_D2,
ejscreen,Bin Traffic Proximity,B_PTRAF,
ejscreen,Bin Traffic Proximity and Volume--Primary EJ Index based on Primary 2-factor Demographics,B_PTRAF_D2,
ejscreen,Bin TSDF Proximity,B_PTSDF,
ejscreen,Bin TSDF Proximity--Primary EJ Index based on Primary 2-factor Demographics,B_PTSDF_D2,
ejscreen,Bin Wastewater Discharge Indicator,B_PWDIS,
ejscreen,Bin Cumulative Direct Discharge Pollution Primary EJ Index based on Primary 2-factor Demographics,B_PWDIS_D2,
ejscreen,Bin NATA Respiratory Hazard Index,B_RESP,
ejscreen,Bin Air Toxics Respiratory HI--Primary EJ Index based on Primary 2-factor Demographics,B_RESP_D2,
ejscreen,Bin Pct. Under Age 5,B_UNDR5PCT,
ejscreen,Bin Alternative Demographic Index,B_VSVI6PCT,
ejscreen,Bin Primary Demographic Index,B_VULEOPCT,
ejscreen,NATA Cancer Risk,CANCER,
ejscreen,Excess Demographic Index (primary),DISPEO,
ejscreen,Excess Demographic Index (secondary),DISPSVI6,
ejscreen,NATA Diesel Particulate Matter,DSLPM,
ejscreen,Air Toxics Cancer Risk--Primary EJ Index based on Primary 2-factor Demographics,D_CANCR_2,
ejscreen,Diesel Particulate Matter Level in Air--Primary EJ Index based on Primary 2-factor Demographics,D_DSLPM_2,
ejscreen,Lead Paint Indicator (Pct. Pre-1960)--Primary EJ Index based on Primary 2-factor Demographics,D_LDPNT_2,
ejscreen,Ozone Level in Air--Primary EJ Index based on Primary 2-factor Demographics,D_OZONE_2,
ejscreen,PM 2.5 Level in Air--Primary EJ Index based on Primary 2-factor Demographics,D_PM25_2,
ejscreen,NPL Facility Proximity--Primary EJ Index based on Primary 2-factor Demographics,D_PNPL_2,
ejscreen,RMP Facility Proximity--Primary EJ Index based on Primary 2-factor Demographics,D_PRMP_2,
ejscreen,Traffic Proximity and Volume--Primary EJ Index based on Primary 2-factor Demographics,D_PTRAF_2,
ejscreen,TSDF Proximity--Primary EJ Index based on Primary 2-factor Demographics,D_PTSDF_2,
ejscreen,Cumulative Direct Discharge Pollution Primary EJ Index based on Primary 2-factor Demographics,D_PWDIS_2,
ejscreen,Air Toxics Respiratory HI--Primary EJ Index based on Primary 2-factor Demographics,D_RESP_2,
ejscreen,Less than High School Education,LESSHS,
ejscreen,Pct. Less than High School Education,LESSHSPCT,
ejscreen,Linguistically Isolated,LINGISO,
ejscreen,Pct. Linguistically Isolated,LINGISOPCT,
ejscreen,Low Income (<2x poverty level),LOWINCOME,
ejscreen,Pct. Low Income (<2x poverty level),LOWINCPCT,
ejscreen,Pct. Minority Population,MINORPCT,
ejscreen,Minority Population,MINORPOP,
ejscreen,NPL Facility Count,NPL_CNT,
ejscreen,Over Age 64,OVER64,
ejscreen,Pct. Over Age 64,OVER64PCT,
ejscreen,Ozone Concentration Score,OZONE,
ejscreen,PM 2.5 Concentration Score,PM25,
ejscreen,Superfund Proximity,PNPL,
ejscreen,Housing Units Built Prior to 1960 (lead paint indicator),PRE1960,
ejscreen,Pct. Housing Units Built Prior to 1960 (lead paint indicator),PRE1960PCT,
ejscreen,RMP Proximity,PRMP,
ejscreen,Traffic Proximity,PTRAF,
ejscreen,TSDF Proximity,PTSDF,
ejscreen,Wastewater Discharge Indicator,PWDIS,
ejscreen,Percentile NATA Cancer Risk,P_CANCR,
ejscreen,Percentile Air Toxics Cancer Risk--Primary EJ Index based on Primary 2-factor Demographics,P_CANCR_D2,
ejscreen,Percentile NATA Diesel Particulate Matter,P_DSLPM,
ejscreen,Percentile Diesel Particulate Matter Level in Air--Primary EJ Index based on Primary 2-factor Demographics,P_DSLPM_D2,
ejscreen,Percentile Pct. Housing Units Built Prior to 1960 (lead paint indicator),P_LDPNT,
ejscreen,Percentile Lead Paint Indicator (Pct. Pre-1960)--Primary EJ Index based on Primary 2-factor Demographics,P_LDPNT_D2,
ejscreen,Percentile Pct. Less than High School Education,P_LESHSPCT,
ejscreen,Percentile Pct. Linguistically Isolated,P_LNGISPCT,
ejscreen,Percentile Pct. Low Income (<2x poverty level),P_LWINCPCT,
ejscreen,Percentile Pct. Minority Population,P_MINORPCT,
ejscreen,Percentile Pct. Over Age 64,P_OVR64PCT,
ejscreen,Percentile Ozone Concentration Score,P_OZONE,
ejscreen,Percentile Ozone Level in Air--Primary EJ Index based on Primary 2-factor Demographics,P_OZONE_D2,
ejscreen,Percentile PM 2.5 Concentration Score,P_PM25,
ejscreen,Percentile PM 2.5 Level in Air--Primary EJ Index based on Primary 2-factor Demographics,P_PM25_D2,
ejscreen,Percentile Superfund Proximity,P_PNPL,
ejscreen,Percentile NPL Facility Proximity--Primary EJ Index based on Primary 2-factor Demographics,P_PNPL_D2,
ejscreen,Percentile RMP Proximity,P_PRMP,
ejscreen,Percentile RMP Facility Proximity--Primary EJ Index based on Primary 2-factor Demographics,P_PRMP_D2,
ejscreen,Percentile Traffic Proximity,P_PTRAF,
ejscreen,Percentile Traffic Proximity and Volume--Primary EJ Index based on Primary 2-factor Demographics,P_PTRAF_D2,
ejscreen,Percentile TSDF Proximity,P_PTSDF,
ejscreen,Percentile TSDF Proximity--Primary EJ Index based on Primary 2-factor Demographics,P_PTSDF_D2,
ejscreen,Percentile Wastewater Discharge Indicator,P_PWDIS,
ejscreen,Percentile Cumulative Direct Discharge Pollution Primary EJ Index based on Primary 2-factor Demographics,P_PWDIS_D2,
ejscreen,Percentile NATA Respiratory Hazard Index,P_RESP,
ejscreen,Percentile Air Toxics Respiratory HI--Primary EJ Index based on Primary 2-factor Demographics,P_RESP_D2,
ejscreen,Percentile Pct. Under Age 5,P_UNDR5PCT,
ejscreen,Percentile Alternative Demographic Index,P_VSVI6PCT,
ejscreen,Percentile Primary Demographic Index,P_VULEOPCT,
ejscreen,EPA Region,REGION,
ejscreen,NATA Respiratory Hazard Index,RESP,
ejscreen,TSDF Facility Count,TSDF_CNT,
ejscreen,Descriptive Text for NATA Cancer Risk,T_CANCR,
ejscreen,Descriptive Text for Air Toxics Cancer Risk--Primary EJ Index based on Primary 2-factor Demographics,T_CANCR_D2,
ejscreen,Descriptive Text for NATA Diesel Particulate Matter,T_DSLPM,
ejscreen,Descriptive Text for Diesel Particulate Matter Level in Air--Primary EJ Index based on Primary 2-factor Demographics,T_DSLPM_D2,
ejscreen,Descriptive Text for Pct. Housing Units Built Prior to 1960 (lead paint indicator),T_LDPNT,
ejscreen,Descriptive Text for Lead Paint Indicator (Pct. Pre-1960)--Primary EJ Index based on Primary 2-factor Demographics,T_LDPNT_D2,
ejscreen,Descriptive Text for Pct. Less than High School Education,T_LESHSPCT,
ejscreen,Descriptive Text for Pct. Linguistically Isolated,T_LNGISPCT,
ejscreen,Descriptive Text for Pct. Low Income (<2x poverty level),T_LWINCPCT,
ejscreen,Descriptive Text for Pct. Minority Population,T_MINORPCT,
ejscreen,Descriptive Text for Pct. Over Age 64,T_OVR64PCT,
ejscreen,Descriptive Text for Ozone Concentration Score,T_OZONE,
ejscreen,Descriptive Text for Ozone Level in Air--Primary EJ Index based on Primary 2-factor Demographics,T_OZONE_D2,
ejscreen,Descriptive Text for PM 2.5 Concentration Score,T_PM25,
ejscreen,Descriptive Text for PM 2.5 Level in Air--Primary EJ Index based on Primary 2-factor Demographics,T_PM25_D2,
ejscreen,Descriptive Text for Superfund Proximity,T_PNPL,
ejscreen,Descriptive Text for NPL Facility Proximity--Primary EJ Index based on Primary 2-factor Demographics,T_PNPL_D2,
ejscreen,Descriptive Text for RMP Proximity,T_PRMP,
ejscreen,Descriptive Text for RMP Facility Proximity--Primary EJ Index based on Primary 2-factor Demographics,T_PRMP_D2,
ejscreen,Descriptive Text for Traffic Proximity,T_PTRAF,
ejscreen,Descriptive Text for Traffic Proximity and Volume--Primary EJ Index based on Primary 2-factor Demographics,T_PTRAF_D2,
ejscreen,Descriptive Text for TSDF Proximity,T_PTSDF,
ejscreen,Descriptive Text for TSDF Proximity--Primary EJ Index based on Primary 2-factor Demographics,T_PTSDF_D2,
ejscreen,Descriptive Text for Wastewater Discharge Indicator,T_PWDIS,
ejscreen,Descriptive Text for Cumulative Direct Discharge Pollution Primary EJ Index based on Primary 2-factor Demographics,T_PWDIS_D2,
ejscreen,Descriptive Text for NATA Respiratory Hazard Index,T_RESP,
ejscreen,Descriptive Text for Air Toxics Respiratory HI--Primary EJ Index based on Primary 2-factor Demographics,T_RESP_D2,
ejscreen,Descriptive Text for Pct. Under Age 5,T_UNDR5PCT,
ejscreen,Descriptive Text for Alternative Demographic Index,T_VSVI6PCT,
ejscreen,Descriptive Text for Primary Demographic Index,T_VULEOPCT,
ejscreen,Under Age 5,UNDER5,
ejscreen,Pct. Under Age 5,UNDER5PCT,
ejscreen,Primary Demographic Index (count),VULEO,
ejscreen,Primary Demographic Index,VULEOPCT,
ejscreen,Alternative Demographic Index (count),VULSVI6,
ejscreen,Alternative Demographic Index,VULSVI6PCT,
csm_benthic,Ephemeroptera Baetidae Acentrella,ACENTR,
csm_benthic,Plecoptera Chloroperlidae Alloperla,ALLOPE,
csm_benthic,Trichoptera Apataniidae Allomyia,ALLOYM,
csm_benthic,Ephemeroptera Ameletidae Ameletus,AMELT,
csm_benthic,Plecoptera Nemouridae Amphinermura,AMPHIN,
csm_benthic,Diptera Tipulidae Antocha,ANTOCH,
csm_benthic,Trichoptera Hydropsychidae Arctopsyche,ARCGRA,
csm_benthic,Diptera Athericidae Atherix,ATHERIX,
csm_benthic,Avg Number of Ephemeroptera+Plecoptera+Trichoptera taxa per site,Avg EPT Rich,
csm_benthic,Avg Total Ephemeroptera+Plecoptera+Trichoptera per site,Avg EPT Total,
csm_benthic,Avg Number of taxa per site,Avg Taxa Rich,
csm_benthic,Avg Total number of individuals per site,Avg Total ,
csm_benthic,Ephemeroptera Baetidae Baetis,BAETIS,
csm_benthic,Diptera Ceratopogonidae Bezzia,BEZZIA,
csm_benthic,Diptera Blephariceridae Bibiocephala,BIBIOC,
csm_benthic,Trichoptera Brachycentridae Brachycentrus,BRACHY,
csm_benthic,Plecoptera Capniidae Capnia,CAPNIA,
csm_benthic,Diptera,CERATO,
csm_benthic,Diptera Empididae Chelifera,CHELIF,
csm_benthic,Diptera,CHIROD,
csm_benthic,Diptera Chironomidae Chironomini (tribe),CHIRON,
csm_benthic,Plecoptera,CHLORO,
csm_benthic,Ephemeroptera Heptageniidae Cinygmula,CINYGM,
csm_benthic,Plecoptera Perlidae Claassenia,CLAASS,
csm_benthic,Diptera Empididae Clinocera,CLINOC,
csm_benthic,Collembola (subclass),COLLUM,
csm_benthic,Diptera Deuterophlebiidae Deuterophlebia,DEUTERO,
csm_benthic,Diptera Chironomidae Diamesinae (subfamily),DIAMES,
csm_benthic,Diptera Tipulidae Dicranota,DICRAN,
csm_benthic,Ephemeroptera Baetidae Diphetor,DIPHAG,
csm_benthic,Plecoptera Perlodidae Diura,DIUKNO,
csm_benthic,Plecoptera Taeniopterygidae Doddsia,DODSII,
csm_benthic,Ephemeroptera Ephemerellidae Drunella,DRUDOD,
csm_benthic,Ephemeroptera Ephemerellidae Drunella,DRUGRACOL,
csm_benthic,Coleoptera,DYTISC,
csm_benthic,Diptera,EMPIDID,
csm_benthic,Ephemeroptera Heptageniidae Epeorus,EPEORUS,
csm_benthic,Ephemeroptera Ephemerellidae Ephemerella,EPHEM,
csm_benthic,Total Number of Ephemeroptera+Plecoptera+Trichoptera taxa per replicate,EPT Rich,
csm_benthic,Total Ephemeroptera+Plecoptera+Trichoptera per replicate,EPT Total,
csm_benthic,Plecoptera Capniidae Eucapnopsis,EUCAPN,
csm_benthic,Trichoptera,GLOSSO,
csm_benthic,Diptera Empididae Hemerodromia,HEMERO,
csm_benthic,Ephemeroptera,HEPTAG,
csm_benthic,Diptera Tipulidae Hesperoconopa,HESPER,
csm_benthic,Plecoptera Perlidae Hesperoperla,HESPERO,
csm_benthic,Coleoptera Elmidae Heterlimnius,HETCOR,
csm_benthic,Diptera Tipulidae Hexatoma,HEXATO,
csm_benthic,Trombidiformes,HYDRAC,
csm_benthic,Trichoptera Hydropsychidae Hydropsyche,HYDROPS,
csm_benthic,Trichoptera Hydroptilidae Hydroptila,HYDROPT,
csm_benthic,Plecoptera Perlodidae Isoperla,ISOPERLA,
csm_benthic,Isopoda,ISOPOD,
csm_benthic,Trichoptera Lepidostomatidae Lepidostoma,LEPIDO,
csm_benthic,Plecoptera,LEUCSP,
csm_benthic,Trichoptera,LIMNEPH,
csm_benthic,Diptera Tipulidae Limnophila,LIMNOP,
csm_benthic,Plecoptera Perlodidae Megarcys,MEGSIG,
csm_benthic,Trichoptera Brachycentridae Micrasema,MICRAS,
csm_benthic,Diptera,MUSCID,
csm_benthic,Coleoptera Elmidae Narpus,NARPUS,
csm_benthic,Nematoda (phylum),NEMATO,
csm_benthic,Diptera Empididae Neoplasta,NEOPLA,
csm_benthic,Trichoptera Uenoidae Neothremma,NEOTRH,
csm_benthic,Oligochaeta (subclass),OLIGOC,
csm_benthic,Diptera Tipulidae Ormosia,ORMOSIA,
csm_benthic,Diptera Chironomidae Orthocladiinae (subfamily),ORTHOC,
csm_benthic,Ephemeroptera Leptophlebiidae Paraleptophlebia,PARALE,
csm_benthic,Plecoptera Leuctridae Paraleuctra,PARALEU,
csm_benthic,Diptera Psychodidae Pericoma,PERICO,
csm_benthic,Plecoptera,PERLOD,
csm_benthic,Lepidoptera Crambidae Petrophila,PETROPH,
csm_benthic,Tricladida Planariidae Polycelis,POLYCE,
csm_benthic,Plecoptera Nemouridae Prostoia/Podmosta,PRO/POD,
csm_benthic,Diptera Tanyderidae Protanyderus,PROTAN,
csm_benthic,Diptera Tipulidae Rhabdomastix,RHABDO,
csm_benthic,Ephemeroptera Heptageniidae Rhithrogena,RHITHR,
csm_benthic,Trichoptera Rhyacophilidae Rhyacophila,RHYACOP,
csm_benthic,Ephemeroptera Ephemerellidae Serratella,SERRAT,
csm_benthic,Diptera Simuliidae Simulium,SIMULD,
csm_benthic,Plecoptera Perlodidae Skwala,SKWALA,
csm_benthic,Plecoptera Chloroperlidae Suwallia,SUWALL,
csm_benthic,Plecoptera Chloroperlidae Sweltsa,SWELTSA,
csm_benthic,Plecoptera Taeniopterygidae Taenionema,TAENIO,
csm_benthic,Diptera Chironomidae Tanypodinae (subfamily),TANYPO,
csm_benthic,Diptera Chironomidae Tanytarsini (tribe),TANYTA,
csm_benthic,Diptera Tipulidae Tipula,TIPULA,
csm_benthic,Plecoptera Chloroperlidae Triznaka,TRISIG,
csm_benthic,Number of taxa per replicate,Taxa,
csm_benthic,Total number of individuals per replicate,Total,
csm_benthic,Plecoptera Capniidae Utacapnia,UTACAP,
csm_benthic,Diptera Empididae Wiedemannia,WIEDEM,
csm_benthic,Coleoptera Elmidae Zaitzevia,ZAITZE,
csm_benthic,Plecoptera Nemouridae Zapada,ZAPADA,
acs,,B10052_001E,
acs,,B10052_002E,
acs,,B10052_003E,
acs,,B10052_004E,
acs,,B10052_005E,
acs,,B10052_006E,
acs,,B10052_007E,
acs,,B10052_008E,
acs,,B10052_009E,
acs,,B10052_010E,
acs,,B10052_011E,
acs,,B10058_001E,
acs,,B10058_002E,
acs,,B10058_003E,
acs,,B10058_004E,
acs,,B10058_005E,
acs,,B10058_006E,
acs,,B10058_007E,
acs,,B10058_008E,
acs,,B10058_009E,
acs,,B10058_010E,
acs,,B10058_011E,
acs,,B16010_001E,
acs,,B16010_002E,
acs,,B16010_003E,
acs,,B16010_004E,
acs,,B16010_005E,
acs,,B16010_006E,
acs,,B16010_007E,
acs,,B16010_008E,
acs,,B16010_009E,
acs,,B16010_010E,
acs,,B16010_011E,
acs,,B16010_012E,
acs,,B16010_013E,
acs,,B16010_014E,
acs,,B16010_015E,
acs,,B16010_016E,
acs,,B16010_017E,
acs,,B16010_018E,
acs,,B16010_019E,
acs,,B16010_020E,
acs,,B16010_021E,
acs,,B16010_022E,
acs,,B16010_023E,
acs,,B16010_024E,
acs,,B16010_025E,
acs,,B16010_026E,
acs,,B16010_027E,
acs,,B16010_028E,
acs,,B16010_029E,
acs,,B16010_030E,
acs,,B16010_031E,
acs,,B16010_032E,
acs,,B16010_033E,
acs,,B16010_034E,
acs,,B16010_035E,
acs,,B16010_036E,
acs,,B16010_037E,
acs,,B16010_038E,
acs,,B16010_039E,
acs,,B16010_040E,
acs,,B16010_041E,
acs,,B16010_042E,
acs,,B16010_043E,
acs,,B16010_044E,
acs,,B16010_045E,
acs,,B16010_046E,
acs,,B16010_047E,
acs,,B16010_048E,
acs,,B16010_049E,
acs,,B16010_050E,
acs,,B16010_051E,
acs,,B16010_052E,
acs,,B16010_053E,
acs,,B17005_001E,
acs,,B17005_002E,
acs,,B17005_003E,
acs,,B17005_004E,
acs,,B17005_005E,
acs,,B17005_006E,
acs,,B17005_007E,
acs,,B17005_008E,
acs,,B17005_009E,
acs,,B17005_010E,
acs,,B17005_011E,
acs,,B17005_012E,
acs,,B17005_013E,
acs,,B17005_014E,
acs,,B17005_015E,
acs,,B17005_016E,
acs,,B17005_017E,
acs,,B17005_018E,
acs,,B17005_019E,
acs,,B17005_020E,
acs,,B17005_021E,
acs,,B17005_022E,
acs,,B17005_023E,
acs,,B18101A_001E,
acs,,B18101A_002E,
acs,,B18101A_003E,
acs,,B18101A_004E,
acs,,B18101A_005E,
acs,,B18101A_006E,
acs,,B18101A_007E,
acs,,B18101A_008E,
acs,,B18101A_009E,
acs,,B18101A_010E,
acs,,B18101B_001E,
acs,,B18101B_002E,
acs,,B18101B_003E,
acs,,B18101B_004E,
acs,,B18101B_005E,
acs,,B18101B_006E,
acs,,B18101B_007E,
acs,,B18101B_008E,
acs,,B18101B_009E,
acs,,B18101B_010E,
acs,,B18101C_001E,
acs,,B18101C_002E,
acs,,B18101C_003E,
acs,,B18101C_004E,
acs,,B18101C_005E,
acs,,B18101C_006E,
acs,,B18101C_007E,
acs,,B18101C_008E,
acs,,B18101C_009E,
acs,,B18101C_010E,
acs,,B18101D_001E,
acs,,B18101D_002E,
acs,,B18101D_003E,
acs,,B18101D_004E,
acs,,B18101D_005E,
acs,,B18101D_006E,
acs,,B18101D_007E,
acs,,B18101D_008E,
acs,,B18101D_009E,
acs,,B18101D_010E,
acs,,B18101E_001E,
acs,,B18101E_002E,
acs,,B18101E_003E,
acs,,B18101E_004E,
acs,,B18101E_005E,
acs,,B18101E_006E,
acs,,B18101E_007E,
acs,,B18101E_008E,
acs,,B18101E_009E,
acs,,B18101E_010E,
acs,,B18101F_001E,
acs,,B18101F_002E,
acs,,B18101F_003E,
acs,,B18101F_004E,
acs,,B18101F_005E,
acs,,B18101F_006E,
acs,,B18101F_007E,
acs,,B18101F_008E,
acs,,B18101F_009E,
acs,,B18101F_010E,
acs,,B18101G_001E,
acs,,B18101G_002E,
acs,,B18101G_003E,
acs,,B18101G_004E,
acs,,B18101G_005E,
acs,,B18101G_006E,
acs,,B18101G_007E,
acs,,B18101G_008E,
acs,,B18101G_009E,
acs,,B18101G_010E,
acs,,B18101H_001E,
acs,,B18101H_002E,
acs,,B18101H_003E,
acs,,B18101H_004E,
acs,,B18101H_005E,
acs,,B18101H_006E,
acs,,B18101H_007E,
acs,,B18101H_008E,
acs,,B18101H_009E,
acs,,B18101H_010E,
acs,,B18101I_001E,
acs,,B18101I_002E,
acs,,B18101I_003E,
acs,,B18101I_004E,
acs,,B18101I_005E,
acs,,B18101I_006E,
acs,,B18101I_007E,
acs,,B18101I_008E,
acs,,B18101I_009E,
acs,,B18101I_010E,
acs,,B18101_001E,
acs,,B18101_002E,
acs,,B18101_003E,
acs,,B18101_004E,
acs,,B18101_005E,
acs,,B18101_006E,
acs,,B18101_007E,
acs,,B18101_008E,
acs,,B18101_009E,
acs,,B18101_010E,
acs,,B18101_011E,
acs,,B18101_012E,
acs,,B18101_013E,
acs,,B18101_014E,
acs,,B18101_015E,
acs,,B18101_016E,
acs,,B18101_017E,
acs,,B18101_018E,
acs,,B18101_019E,
acs,,B18101_020E,
acs,,B18101_021E,
acs,,B18101_022E,
acs,,B18101_023E,
acs,,B18101_024E,
acs,,B18101_025E,
acs,,B18101_026E,
acs,,B18101_027E,
acs,,B18101_028E,
acs,,B18101_029E,
acs,,B18101_030E,
acs,,B18101_031E,
acs,,B18101_032E,
acs,,B18101_033E,
acs,,B18101_034E,
acs,,B18101_035E,
acs,,B18101_036E,
acs,,B18101_037E,
acs,,B18101_038E,
acs,,B18101_039E,
acs,,B18135_001E,
acs,,B18135_002E,
acs,,B18135_003E,
acs,,B18135_004E,
acs,,B18135_005E,
acs,,B18135_006E,
acs,,B18135_007E,
acs,,B18135_008E,
acs,,B18135_009E,
acs,,B18135_010E,
acs,,B18135_011E,
acs,,B18135_012E,
acs,,B18135_013E,
acs,,B18135_014E,
acs,,B18135_015E,
acs,,B18135_016E,
acs,,B18135_017E,
acs,,B18135_018E,
acs,,B18135_019E,
acs,,B18135_020E,
acs,,B18135_021E,
acs,,B18135_022E,
acs,,B18135_023E,
acs,,B18135_024E,
acs,,B18135_025E,
acs,,B18135_026E,
acs,,B18135_027E,
acs,,B18135_028E,
acs,,B18135_029E,
acs,,B18135_030E,
acs,,B18135_031E,
acs,,B18135_032E,
acs,,B18135_033E,
acs,,B18135_034E,
acs,,B19013A_001E,
acs,,B19013B_001E,
acs,,B19013C_001E,
acs,,B19013D_001E,
acs,,B19013E_001E,
acs,,B19013F_001E,
acs,,B19013G_001E,
acs,,B19013H_001E,
acs,,B19013I_001E,
acs,,B19013_001E,
acs,,B19019_001E,
acs,,B19019_002E,
acs,,B19019_003E,
acs,,B19019_004E,
acs,,B19019_005E,
acs,,B19019_006E,
acs,,B19019_007E,
acs,,B19019_008E,
acs,,B19049_001E,
acs,,B19049_002E,
acs,,B19049_003E,
acs,,B19049_004E,
acs,,B19049_005E,
acs,,B19053_001E,
acs,,B19053_002E,
acs,,B19053_003E,
acs,,B19301A_001E,
acs,,B19301B_001E,
acs,,B19301C_001E,
acs,,B19301D_001E,
acs,,B19301E_001E,
acs,,B19301F_001E,
acs,,B19301G_001E,
acs,,B19301H_001E,
acs,,B19301I_001E,
acs,,B19301_001E,
acs,,B21005_001E,
acs,,B21005_002E,
acs,,B21005_003E,
acs,,B21005_004E,
acs,,B21005_005E,
acs,,B21005_006E,
acs,,B21005_007E,
acs,,B21005_008E,
acs,,B21005_009E,
acs,,B21005_010E,
acs,,B21005_011E,
acs,,B21005_012E,
acs,,B21005_013E,
acs,,B21005_014E,
acs,,B21005_015E,
acs,,B21005_016E,
acs,,B21005_017E,
acs,,B21005_018E,
acs,,B21005_019E,
acs,,B21005_020E,
acs,,B21005_021E,
acs,,B21005_022E,
acs,,B21005_023E,
acs,,B21005_024E,
acs,,B21005_025E,
acs,,B21005_026E,
acs,,B21005_027E,
acs,,B21005_028E,
acs,,B21005_029E,
acs,,B21005_030E,
acs,,B21005_031E,
acs,,B21005_032E,
acs,,B21005_033E,
acs,,B21005_034E,
acs,,B22008_001E,
acs,,B22008_002E,
acs,,B22008_003E,
acs,,B23001_002E,
acs,,B23001_003E,
acs,,B23001_004E,
acs,,B23001_005E,
acs,,B23001_006E,
acs,,B23001_007E,
acs,,B23001_008E,
acs,,B23001_009E,
acs,,B23001_010E,
acs,,B23001_011E,
acs,,B23001_012E,
acs,,B23001_013E,
acs,,B23001_014E,
acs,,B23001_015E,
acs,,B23001_016E,
acs,,B23001_017E,
acs,,B23001_018E,
acs,,B23001_019E,
acs,,B23001_020E,
acs,,B23001_021E,
acs,,B23001_022E,
acs,,B23001_023E,
acs,,B23001_024E,
acs,,B23001_025E,
acs,,B23001_026E,
acs,,B23001_027E,
acs,,B23001_028E,
acs,,B23001_029E,
acs,,B23001_030E,
acs,,B23001_031E,
acs,,B23001_032E,
acs,,B23001_033E,
acs,,B23001_034E,
acs,,B23001_035E,
acs,,B23001_036E,
acs,,B23001_037E,
acs,,B23001_038E,
acs,,B23001_039E,
acs,,B23001_040E,
acs,,B23001_041E,
acs,,B23001_042E,
acs,,B23001_043E,
acs,,B23001_044E,
acs,,B23001_045E,
acs,,B23001_046E,
acs,,B23001_047E,
acs,,B23001_048E,
acs,,B23001_049E,
acs,,B23001_050E,
acs,,B23001_051E,
acs,,B23001_052E,
acs,,B23001_053E,
acs,,B23001_054E,
acs,,B23001_055E,
acs,,B23001_056E,
acs,,B23001_057E,
acs,,B23001_058E,
acs,,B23001_059E,
acs,,B23001_060E,
acs,,B23001_061E,
acs,,B23001_062E,
acs,,B23001_063E,
acs,,B23001_064E,
acs,,B23001_065E,
acs,,B23001_066E,
acs,,B23001_067E,
acs,,B23001_068E,
acs,,B23001_069E,
acs,,B23001_070E,
acs,,B23001_071E,
acs,,B23001_072E,
acs,,B23001_073E,
acs,,B23001_074E,
acs,,B23001_075E,
acs,,B23001_076E,
acs,,B23001_077E,
acs,,B23001_078E,
acs,,B23001_079E,
acs,,B23001_080E,
acs,,B23001_081E,
acs,,B23001_082E,
acs,,B23001_083E,
acs,,B23001_084E,
acs,,B23001_085E,
acs,,B23001_086E,
acs,,B23001_087E,
acs,,B23001_088E,
acs,,B23001_089E,
acs,,B23001_090E,
acs,,B23001_091E,
acs,,B23001_092E,
acs,,B23001_093E,
acs,,B23001_094E,
acs,,B23001_095E,
acs,,B23001_096E,
acs,,B23001_097E,
acs,,B23001_098E,
acs,,B23001_099E,
acs,,B23001_100E,
acs,,B23001_101E,
acs,,B23001_102E,
acs,,B23001_103E,
acs,,B23001_104E,
acs,,B23001_105E,
acs,,B23001_106E,
acs,,B23001_107E,
acs,,B23001_108E,
acs,,B23001_109E,
acs,,B23001_110E,
acs,,B23001_111E,
acs,,B23001_112E,
acs,,B23001_113E,
acs,,B23001_114E,
acs,,B23001_115E,
acs,,B23001_116E,
acs,,B23001_117E,
acs,,B23001_118E,
acs,,B23001_119E,
acs,,B23001_120E,
acs,,B23001_121E,
acs,,B23001_122E,
acs,,B23001_123E,
acs,,B23001_124E,
acs,,B23001_125E,
acs,,B23001_126E,
acs,,B23001_127E,
acs,,B23001_128E,
acs,,B23001_129E,
acs,,B23001_130E,
acs,,B23001_131E,
acs,,B23001_132E,
acs,,B23001_133E,
acs,,B23001_134E,
acs,,B23001_135E,
acs,,B23001_136E,
acs,,B23001_137E,
acs,,B23001_138E,
acs,,B23001_139E,
acs,,B23001_140E,
acs,,B23001_141E,
acs,,B23001_142E,
acs,,B23001_143E,
acs,,B23001_144E,
acs,,B23001_145E,
acs,,B23001_146E,
acs,,B23001_147E,
acs,,B23001_148E,
acs,,B23001_149E,
acs,,B23001_150E,
acs,,B23001_151E,
acs,,B23001_152E,
acs,,B23001_153E,
acs,,B23001_154E,
acs,,B23001_155E,
acs,,B23001_156E,
acs,,B23001_157E,
acs,,B23001_158E,
acs,,B23001_159E,
acs,,B23001_160E,
acs,,B23001_161E,
acs,,B23001_162E,
acs,,B23001_163E,
acs,,B23001_164E,
acs,,B23001_165E,
acs,,B23001_166E,
acs,,B23001_167E,
acs,,B23001_168E,
acs,,B23001_169E,
acs,,B23001_170E,
acs,,B23001_171E,
acs,,B23001_172E,
acs,,B23001_173E,
acs,,B24011_001E,
acs,,B24011_002E,
acs,,B24011_003E,
acs,,B24011_004E,
acs,,B24011_005E,
acs,,B24011_006E,
acs,,B24011_007E,
acs,,B24011_008E,
acs,,B24011_009E,
acs,,B24011_010E,
acs,,B24011_011E,
acs,,B24011_012E,
acs,,B24011_013E,
acs,,B24011_014E,
acs,,B24011_015E,
acs,,B24011_016E,
acs,,B24011_017E,
acs,,B24011_018E,
acs,,B24011_019E,
acs,,B24011_020E,
acs,,B24011_021E,
acs,,B24011_022E,
acs,,B24011_023E,
acs,,B24011_024E,
acs,,B24011_025E,
acs,,B24011_026E,
acs,,B24011_027E,
acs,,B24011_028E,
acs,,B24011_029E,
acs,,B24011_030E,
acs,,B24011_031E,
acs,,B24011_032E,
acs,,B24011_033E,
acs,,B24011_034E,
acs,,B24011_035E,
acs,,B24011_036E,
acs,,B24012_001E,
acs,,B24012_002E,
acs,,B24012_003E,
acs,,B24012_004E,
acs,,B24012_005E,
acs,,B24012_006E,
acs,,B24012_007E,
acs,,B24012_008E,
acs,,B24012_009E,
acs,,B24012_010E,
acs,,B24012_011E,
acs,,B24012_012E,
acs,,B24012_013E,
acs,,B24012_014E,
acs,,B24012_015E,
acs,,B24012_016E,
acs,,B24012_017E,
acs,,B24012_018E,
acs,,B24012_019E,
acs,,B24012_020E,
acs,,B24012_021E,
acs,,B24012_022E,
acs,,B24012_023E,
acs,,B24012_024E,
acs,,B24012_025E,
acs,,B24012_026E,
acs,,B24012_027E,
acs,,B24012_028E,
acs,,B24012_029E,
acs,,B24012_030E,
acs,,B24012_031E,
acs,,B24012_032E,
acs,,B24012_033E,
acs,,B24012_034E,
acs,,B24012_035E,
acs,,B24012_036E,
acs,,B24012_037E,
acs,,B24012_038E,
acs,,B24012_039E,
acs,,B24012_040E,
acs,,B24012_041E,
acs,,B24012_042E,
acs,,B24012_043E,
acs,,B24012_044E,
acs,,B24012_045E,
acs,,B24012_046E,
acs,,B24012_047E,
acs,,B24012_048E,
acs,,B24012_049E,
acs,,B24012_050E,
acs,,B24012_051E,
acs,,B24012_052E,
acs,,B24012_053E,
acs,,B24012_054E,
acs,,B24012_055E,
acs,,B24012_056E,
acs,,B24012_057E,
acs,,B24012_058E,
acs,,B24012_059E,
acs,,B24012_060E,
acs,,B24012_061E,
acs,,B24012_062E,
acs,,B24012_063E,
acs,,B24012_064E,
acs,,B24012_065E,
acs,,B24012_066E,
acs,,B24012_067E,
acs,,B24012_068E,
acs,,B24012_069E,
acs,,B24012_070E,
acs,,B24012_071E,
acs,,B24012_072E,
acs,,B24012_073E,
acs,,B25099_001E,
acs,,B25099_002E,
acs,,B25099_003E,
acs,,B26108_082E,
acs,,B26208_001E,
acs,,B26208_002E,
acs,,B26208_003E,
acs,,B26208_004E,
acs,,B26208_005E,
acs,,B26208_006E,
acs,,B26208_007E,
acs,,B26208_008E,
acs,,B26208_009E,
acs,,B26208_010E,
acs,,B26208_011E,
acs,,B26208_012E,
acs,,B26208_013E,
acs,,B26208_014E,
acs,,B26208_015E,
acs,,B26208_016E,
acs,,B26208_017E,
acs,,B26208_018E,
acs,,B26208_019E,
acs,,B26208_020E,
acs,,B26208_021E,
acs,,B26208_022E,
acs,,B26208_023E,
acs,,B26208_024E,
acs,,B26208_025E,
acs,,B26208_026E,
acs,,B26208_027E,
acs,,B26208_028E,
acs,,B26208_029E,
acs,,B26208_030E,
acs,,B26208_031E,
acs,,B26208_032E,
acs,,B26208_033E,
acs,,B26208_034E,
acs,,B26208_035E,
acs,,B26208_036E,
acs,,B26208_037E,
acs,,B26208_038E,
acs,,B26208_039E,
acs,,B26208_040E,
acs,,B26208_041E,
acs,,B26208_042E,
acs,,B26208_043E,
acs,,B26208_044E,
acs,,B26208_045E,
acs,,B26208_046E,
acs,,B26208_047E,
acs,,B26208_048E,
acs,,B26208_049E,
acs,,B26208_050E,
acs,,B26208_051E,
acs,,B26208_052E,
acs,,B26208_053E,
acs,,B26208_054E,
acs,,B26208_055E,
acs,,B26208_056E,
acs,,B26208_057E,
acs,,B26208_058E,
acs,,B26208_059E,
acs,,B26208_060E,
acs,,B26208_061E,
acs,,B26208_062E,
acs,,B26208_063E,
acs,,B26208_064E,
acs,,B26208_065E,
acs,,B26208_066E,
acs,,B26208_067E,
acs,,B26208_068E,
acs,,B26208_069E,
acs,,B26208_070E,
acs,,B26208_071E,
acs,,B26208_072E,
acs,,B26208_073E,
acs,,B26208_074E,
acs,,B26208_075E,
acs,,B26208_076E,
acs,,B26208_077E,
acs,,B26208_078E,
acs,,B26208_079E,
acs,,B26208_080E,
acs,,B26208_081E,
acs,,B26208_082E,
acs,,B26208_083E,
acs,,B26208_084E,
acs,,B26208_085E,
acs,,B26208_086E,
acs,,B26208_087E,
acs,,B26208_088E,
acs,,B26208_089E,
acs,,B26208_090E,
acs,,B26208_091E,
acs,,B26208_092E,
acs,,B26208_093E,
acs,,B26208_094E,
acs,,B26208_095E,
acs,,B26208_096E,
acs,,B26208_097E,
acs,,B26208_098E,
acs,,B26208_099E,
acs,,B26208_100E,
acs,,B26208_101E,
acs,,B26208_102E,
acs,,B26208_103E,
acs,,B28001_001E,
acs,,B28001_002E,
acs,,B28001_003E,
acs,,B28001_004E,
acs,,B28001_005E,
acs,,B28001_006E,
acs,,B28001_007E,
acs,,B28001_008E,
acs,,B28001_009E,
acs,,B28001_010E,
acs,,B28001_011E,
acs,,B28002_001E,
acs,,B28002_002E,
acs,,B28002_003E,
acs,,B28002_004E,
acs,,B28002_005E,
acs,,B28002_006E,
acs,,B28002_007E,
acs,,B28002_008E,
acs,,B28002_009E,
acs,,B28002_010E,
acs,,B28002_011E,
acs,,B28002_012E,
acs,,B28002_013E,
acs,,B28003_001E,
acs,,B28003_002E,
acs,,B28003_003E,
acs,,B28003_004E,
acs,,B28003_005E,
acs,,B28003_006E,
acs,,B28005_001E,
acs,,B28005_002E,
acs,,B28005_003E,
acs,,B28005_004E,
acs,,B28005_005E,
acs,,B28005_006E,
acs,,B28005_007E,
acs,,B28005_008E,
acs,,B28005_009E,
acs,,B28005_010E,
acs,,B28005_011E,
acs,,B28005_012E,
acs,,B28005_013E,
acs,,B28005_014E,
acs,,B28005_015E,
acs,,B28005_016E,
acs,,B28005_017E,
acs,,B28005_018E,
acs,,B28005_019E,
acs,,B28006_001E,
acs,,B28006_002E,
acs,,B28006_003E,
acs,,B28006_004E,
acs,,B28006_005E,
acs,,B28006_006E,
acs,,B28006_007E,
acs,,B28006_008E,
acs,,B28006_009E,
acs,,B28006_010E,
acs,,B28006_011E,
acs,,B28006_012E,
acs,,B28006_013E,
acs,,B28006_014E,
acs,,B28006_015E,
acs,,B28006_016E,
acs,,B28006_017E,
acs,,B28006_018E,
acs,,B28006_019E,
acs,,B28007_001E,
acs,,B28007_002E,
acs,,B28007_003E,
acs,,B28007_004E,
acs,,B28007_005E,
acs,,B28007_006E,
acs,,B28007_007E,
acs,,B28007_008E,
acs,,B28007_009E,
acs,,B28007_010E,
acs,,B28007_011E,
acs,,B28007_012E,
acs,,B28007_013E,
acs,,B28007_014E,
acs,,B28007_015E,
acs,,B28007_016E,
acs,,B28007_017E,
acs,,B28007_018E,
acs,,B28007_019E,
acs,,B28007_020E,
acs,,B28008_001E,
acs,,B28008_002E,
acs,,B28008_003E,
acs,,B28008_004E,
acs,,B28008_005E,
acs,,B28008_006E,
acs,,B28008_007E,
acs,,B28008_008E,
acs,,B28008_009E,
acs,,B28008_010E,
acs,,B28009A_001E,
acs,,B28009A_002E,
acs,,B28009A_003E,
acs,,B28009A_004E,
acs,,B28009A_005E,
acs,,B28009A_006E,
acs,,B28009B_001E,
acs,,B28009B_002E,
acs,,B28009B_003E,
acs,,B28009B_004E,
acs,,B28009B_005E,
acs,,B28009B_006E,
acs,,B28009C_001E,
acs,,B28009C_002E,
acs,,B28009C_003E,
acs,,B28009C_004E,
acs,,B28009C_005E,
acs,,B28009C_006E,
acs,,B28009D_001E,
acs,,B28009D_002E,
acs,,B28009D_003E,
acs,,B28009D_004E,
acs,,B28009D_005E,
acs,,B28009D_006E,
acs,,B28009E_001E,
acs,,B28009E_002E,
acs,,B28009E_003E,
acs,,B28009E_004E,
acs,,B28009E_005E,
acs,,B28009E_006E,
acs,,B28009F_001E,
acs,,B28009F_002E,
acs,,B28009F_003E,
acs,,B28009F_004E,
acs,,B28009F_005E,
acs,,B28009F_006E,
acs,,B28009G_001E,
acs,,B28009G_002E,
acs,,B28009G_003E,
acs,,B28009G_004E,
acs,,B28009G_005E,
acs,,B28009G_006E,
acs,,B28009H_001E,
acs,,B28009H_002E,
acs,,B28009H_003E,
acs,,B28009H_004E,
acs,,B28009H_005E,
acs,,B28009H_006E,
acs,,B28009I_001E,
acs,,B28009I_002E,
acs,,B28009I_003E,
acs,,B28009I_004E,
acs,,B28009I_005E,
acs,,B28009I_006E,
acs,,B29001_001E,
acs,,B29001_002E,
acs,,B29001_003E,
acs,,B29001_004E,
acs,,B29001_005E,
acs,,B29002_001E,
acs,,B29002_002E,
acs,,B29002_003E,
acs,,B29002_004E,
acs,,B29002_005E,
acs,,B29002_006E,
acs,,B29002_007E,
acs,,B29002_008E,
acs,,B29003_001E,
acs,,B29003_002E,
acs,,B29003_003E,
acs,,B29004_001E,
acs,,B99181_001E,
acs,,B99181_002E,
acs,,B99181_003E,
acs,,C18108_001E,
acs,,C18108_003E,
acs,,C18108_004E,
acs,,C18108_005E,
acs,,C18108_007E,
acs,,C18108_008E,
acs,,C18108_009E,
acs,,C18108_011E,
acs,,C18108_012E,
acs,,C18108_013E,
acs,,C18120_001E,
acs,,C18120_002E,
acs,,C18120_003E,
acs,,C18120_004E,
acs,,C18120_005E,
acs,,C18120_006E,
acs,,C18120_007E,
acs,,C18120_008E,
acs,,C18120_009E,
acs,,C18120_010E,
acs,,C18120_011E,
acs,,C18121_001E,
acs,,C18121_002E,
acs,,C18121_003E,
acs,,C18121_004E,
acs,,C18121_005E,
acs,,C18121_006E,
acs,,C18121_007E,
acs,,C18121_008E,
acs,,C18121_009E,
acs,,C18121_010E,
acs,,C18130_001E,
acs,,C18130_002E,
acs,,C18130_003E,
acs,,C18130_004E,
acs,,C18130_005E,
acs,,C18130_006E,
acs,,C18130_007E,
acs,,C18130_008E,
acs,,C18130_009E,
acs,,C18130_010E,
acs,,C18130_011E,
acs,,C18130_012E,
acs,,C18130_013E,
acs,,C18130_014E,
acs,,C18130_015E,
acs,,C18130_016E,
acs,,C18130_017E,
acs,,C18130_018E,
acs,,C18130_019E,
acs,,C18130_020E,
acs,,C18130_021E,
acs,,C18130_022E,
acs,,C18131_001E,
acs,,C18131_002E,
acs,,C18131_003E,
acs,,C18131_004E,
acs,,C18131_005E,
acs,,C18131_006E,
acs,,C18131_007E,
acs,,C18131_008E,
acs,,C18131_009E,
acs,,C18131_010E,
acs,,C18131_011E,
acs,,C18131_012E,
acs,,C18131_013E,
acs,,C18131_014E,
acs,,C18131_015E,
acs,,C18131_016E,
acs,,C21007_001E,
acs,,C21007_002E,
acs,,C21007_003E,
acs,,C21007_004E,
acs,,C21007_005E,
acs,,C21007_006E,
acs,,C21007_007E,
acs,,C21007_008E,
acs,,C21007_009E,
acs,,C21007_010E,
acs,,C21007_011E,
acs,,C21007_012E,
acs,,C21007_013E,
acs,,C21007_014E,
acs,,C21007_015E,
acs,,C21007_016E,
acs,,C21007_017E,
acs,,C21007_018E,
acs,,C21007_019E,
acs,,C21007_020E,
acs,,C21007_021E,
acs,,C21007_022E,
acs,,C21007_023E,
acs,,C21007_024E,
acs,,C21007_025E,
acs,,C21007_026E,
acs,,C21007_027E,
acs,,C21007_028E,
acs,,C21007_029E,
acs,,C21007_030E,
acs,,C21007_031E,
acs,,C23002A_001E,
acs,,C23002A_002E,
acs,,C23002A_003E,
acs,,C23002A_004E,
acs,,C23002A_005E,
acs,,C23002A_006E,
acs,,C23002A_007E,
acs,,C23002A_008E,
acs,,C23002A_009E,
acs,,C23002A_010E,
acs,,C23002A_011E,
acs,,C23002A_012E,
acs,,C23002A_013E,
acs,,C23002A_014E,
acs,,C23002A_015E,
acs,,C23002A_016E,
acs,,C23002A_017E,
acs,,C23002A_018E,
acs,,C23002A_019E,
acs,,C23002A_020E,
acs,,C23002A_021E,
acs,,C23002A_022E,
acs,,C23002A_023E,
acs,,C23002A_024E,
acs,,C23002A_025E,
acs,,C23002A_026E,
acs,,C23002A_027E,
acs,,C23002B_001E,
acs,,C23002B_002E,
acs,,C23002B_003E,
acs,,C23002B_004E,
acs,,C23002B_005E,
acs,,C23002B_006E,
acs,,C23002B_007E,
acs,,C23002B_008E,
acs,,C23002B_009E,
acs,,C23002B_010E,
acs,,C23002B_011E,
acs,,C23002B_012E,
acs,,C23002B_013E,
acs,,C23002B_014E,
acs,,C23002B_015E,
acs,,C23002B_016E,
acs,,C23002B_017E,
acs,,C23002B_018E,
acs,,C23002B_019E,
acs,,C23002B_020E,
acs,,C23002B_021E,
acs,,C23002B_022E,
acs,,C23002B_023E,
acs,,C23002B_024E,
acs,,C23002B_025E,
acs,,C23002B_026E,
acs,,C23002B_027E,
acs,,C23002C_001E,
acs,,C23002C_002E,
acs,,C23002C_003E,
acs,,C23002C_004E,
acs,,C23002C_005E,
acs,,C23002C_006E,
acs,,C23002C_007E,
acs,,C23002C_008E,
acs,,C23002C_009E,
acs,,C23002C_010E,
acs,,C23002C_011E,
acs,,C23002C_012E,
acs,,C23002C_013E,
acs,,C23002C_014E,
acs,,C23002C_015E,
acs,,C23002C_016E,
acs,,C23002C_017E,
acs,,C23002C_018E,
acs,,C23002C_019E,
acs,,C23002C_020E,
acs,,C23002C_021E,
acs,,C23002C_022E,
acs,,C23002C_023E,
acs,,C23002C_024E,
acs,,C23002C_025E,
acs,,C23002C_026E,
acs,,C23002C_027E,
acs,,C23002D_001E,
acs,,C23002D_002E,
acs,,C23002D_003E,
acs,,C23002D_004E,
acs,,C23002D_005E,
acs,,C23002D_006E,
acs,,C23002D_007E,
acs,,C23002D_008E,
acs,,C23002D_009E,
acs,,C23002D_010E,
acs,,C23002D_011E,
acs,,C23002D_012E,
acs,,C23002D_013E,
acs,,C23002D_014E,
acs,,C23002D_015E,
acs,,C23002D_016E,
acs,,C23002D_017E,
acs,,C23002D_018E,
acs,,C23002D_019E,
acs,,C23002D_020E,
acs,,C23002D_021E,
acs,,C23002D_022E,
acs,,C23002D_023E,
acs,,C23002D_024E,
acs,,C23002D_025E,
acs,,C23002D_026E,
acs,,C23002D_027E,
acs,,C23002E_001E,
acs,,C23002E_002E,
acs,,C23002E_003E,
acs,,C23002E_004E,
acs,,C23002E_005E,
acs,,C23002E_006E,
acs,,C23002E_007E,
acs,,C23002E_008E,
acs,,C23002E_009E,
acs,,C23002E_010E,
acs,,C23002E_011E,
acs,,C23002E_012E,
acs,,C23002E_013E,
acs,,C23002E_014E,
acs,,C23002E_015E,
acs,,C23002E_016E,
acs,,C23002E_017E,
acs,,C23002E_018E,
acs,,C23002E_019E,
acs,,C23002E_020E,
acs,,C23002E_021E,
acs,,C23002E_022E,
acs,,C23002E_023E,
acs,,C23002E_024E,
acs,,C23002E_025E,
acs,,C23002E_026E,
acs,,C23002E_027E,
acs,,C23002F_001E,
acs,,C23002F_002E,
acs,,C23002F_003E,
acs,,C23002F_004E,
acs,,C23002F_005E,
acs,,C23002F_006E,
acs,,C23002F_007E,
acs,,C23002F_008E,
acs,,C23002F_009E,
acs,,C23002F_010E,
acs,,C23002F_011E,
acs,,C23002F_012E,
acs,,C23002F_013E,
acs,,C23002F_014E,
acs,,C23002F_015E,
acs,,C23002F_016E,
acs,,C23002F_017E,
acs,,C23002F_018E,
acs,,C23002F_019E,
acs,,C23002F_020E,
acs,,C23002F_021E,
acs,,C23002F_022E,
acs,,C23002F_023E,
acs,,C23002F_024E,
acs,,C23002F_025E,
acs,,C23002F_026E,
acs,,C23002F_027E,
acs,,C23002G_001E,
acs,,C23002G_002E,
acs,,C23002G_003E,
acs,,C23002G_004E,
acs,,C23002G_005E,
acs,,C23002G_006E,
acs,,C23002G_007E,
acs,,C23002G_008E,
acs,,C23002G_009E,
acs,,C23002G_010E,
acs,,C23002G_011E,
acs,,C23002G_012E,
acs,,C23002G_013E,
acs,,C23002G_014E,
acs,,C23002G_015E,
acs,,C23002G_016E,
acs,,C23002G_017E,
acs,,C23002G_018E,
acs,,C23002G_019E,
acs,,C23002G_020E,
acs,,C23002G_021E,
acs,,C23002G_022E,
acs,,C23002G_023E,
acs,,C23002G_024E,
acs,,C23002G_025E,
acs,,C23002G_026E,
acs,,C23002G_027E,
acs,,C23002H_001E,
acs,,C23002H_002E,
acs,,C23002H_003E,
acs,,C23002H_004E,
acs,,C23002H_005E,
acs,,C23002H_006E,
acs,,C23002H_007E,
acs,,C23002H_008E,
acs,,C23002H_009E,
acs,,C23002H_010E,
acs,,C23002H_011E,
acs,,C23002H_012E,
acs,,C23002H_013E,
acs,,C23002H_014E,
acs,,C23002H_015E,
acs,,C23002H_016E,
acs,,C23002H_017E,
acs,,C23002H_018E,
acs,,C23002H_019E,
acs,,C23002H_020E,
acs,,C23002H_021E,
acs,,C23002H_022E,
acs,,C23002H_023E,
acs,,C23002H_024E,
acs,,C23002H_025E,
acs,,C23002H_026E,
acs,,C23002H_027E,
acs,,C23002I_001E,
acs,,C23002I_002E,
acs,,C23002I_003E,
acs,,C23002I_004E,
acs,,C23002I_005E,
acs,,C23002I_006E,
acs,,C23002I_007E,
acs,,C23002I_008E,
acs,,C23002I_009E,
acs,,C23002I_010E,
acs,,C23002I_011E,
acs,,C23002I_012E,
acs,,C23002I_013E,
acs,,C23002I_014E,
acs,,C23002I_015E,
acs,,C23002I_016E,
acs,,C23002I_017E,
acs,,C23002I_018E,
acs,,C23002I_019E,
acs,,C23002I_020E,
acs,,C23002I_021E,
acs,,C23002I_022E,
acs,,C23002I_023E,
acs,,C23002I_024E,
acs,,C23002I_025E,
acs,,C23002I_026E,
acs,,C23002I_027E,